route_code,operator,direction,origin,terminus,seq,station,stops,cumulative_minutes
R002,Metro,down,Stepford Central,Port Benton,1,Stepford Central,True,0.0
R002,Metro,down,Stepford Central,Port Benton,2,Four Ways,True,1.0
R002,Metro,down,Stepford Central,Port Benton,3,Stepford East,True,3.0
R002,Metro,down,Stepford Central,Port Benton,4,Stepford High Street,True,4.0
R002,Metro,down,Stepford Central,Port Benton,5,St Helens Bridge,True,6.0
R002,Metro,down,Stepford Central,Port Benton,6,Angel Pass,True,8.0
R002,Metro,down,Stepford Central,Port Benton,7,Bodin,True,9.0
R002,Metro,down,Stepford Central,Port Benton,8,Coxly,True,11.0
R002,Metro,down,Stepford Central,Port Benton,9,Benton,True,13.0
R002,Metro,down,Stepford Central,Port Benton,10,Port Benton,True,16.0
R002,Metro,up,Port Benton,Stepford Central,1,Port Benton,True,0.0
R002,Metro,up,Port Benton,Stepford Central,2,Benton,True,2.0
R002,Metro,up,Port Benton,Stepford Central,3,Coxly,True,4.0
R002,Metro,up,Port Benton,Stepford Central,4,Bodin,True,6.0
R002,Metro,up,Port Benton,Stepford Central,5,Angel Pass,True,7.0
R002,Metro,up,Port Benton,Stepford Central,6,St Helens Bridge,True,9.0
R002,Metro,up,Port Benton,Stepford Central,7,Stepford High Street,True,10.0
R002,Metro,up,Port Benton,Stepford Central,8,Stepford East,True,12.0
R002,Metro,up,Port Benton,Stepford Central,9,Four Ways,True,13.0
R002,Metro,up,Port Benton,Stepford Central,10,Stepford Central,True,15.0
R003,Stepford Connect,down,Stepford Central,Leighton City,1,Stepford Central,True,
R003,Stepford Connect,down,Stepford Central,Leighton City,2,Stepford East,True,
R003,Stepford Connect,down,Stepford Central,Leighton City,3,St Helens Bridge,True,
R003,Stepford Connect,down,Stepford Central,Leighton City,4,Angel Pass,True,
R003,Stepford Connect,down,Stepford Central,Leighton City,5,Bodin,True,
R003,Stepford Connect,down,Stepford Central,Leighton City,6,Coxly,True,
R003,Stepford Connect,down,Stepford Central,Leighton City,7,Benton,True,
R003,Stepford Connect,down,Stepford Central,Leighton City,8,Benton Bridge,True,
R003,Stepford Connect,down,Stepford Central,Leighton City,9,Hampton Hargate,True,
R003,Stepford Connect,down,Stepford Central,Leighton City,10,Upper Staploe,True,
R003,Stepford Connect,down,Stepford Central,Leighton City,11,Water Newton,True,
R003,Stepford Connect,down,Stepford Central,Leighton City,12,Rocket Parade,True,
R003,Stepford Connect,down,Stepford Central,Leighton City,13,Leighton Stepford Road,True,
R003,Stepford Connect,down,Stepford Central,Leighton City,14,Leighton City,True,
R003,Stepford Connect,up,Leighton City,Stepford Central,1,Leighton City,True,
R003,Stepford Connect,up,Leighton City,Stepford Central,2,Leighton Stepford Road,True,
R003,Stepford Connect,up,Leighton City,Stepford Central,3,Rocket Parade,True,
R003,Stepford Connect,up,Leighton City,Stepford Central,4,Water Newton,True,
R003,Stepford Connect,up,Leighton City,Stepford Central,5,Upper Staploe,True,
R003,Stepford Connect,up,Leighton City,Stepford Central,6,Hampton Hargate,True,
R003,Stepford Connect,up,Leighton City,Stepford Central,7,Benton Bridge,True,
R003,Stepford Connect,up,Leighton City,Stepford Central,8,Benton,True,
R003,Stepford Connect,up,Leighton City,Stepford Central,9,Coxly,True,
R003,Stepford Connect,up,Leighton City,Stepford Central,10,Bodin,True,
R003,Stepford Connect,up,Leighton City,Stepford Central,11,Angel Pass,True,
R003,Stepford Connect,up,Leighton City,Stepford Central,12,St Helens Bridge,True,
R003,Stepford Connect,up,Leighton City,Stepford Central,13,Stepford East,True,
R003,Stepford Connect,up,Leighton City,Stepford Central,14,Stepford Central,True,
R004,Stepford Connect,down,St Helens Bridge,Edgemead,1,St Helens Bridge,True,
R004,Stepford Connect,down,St Helens Bridge,Edgemead,2,Bodin,True,
R004,Stepford Connect,down,St Helens Bridge,Edgemead,3,Coxly,True,
R004,Stepford Connect,down,St Helens Bridge,Edgemead,4,Benton,True,
R004,Stepford Connect,down,St Helens Bridge,Edgemead,5,Benton Bridge,True,
R004,Stepford Connect,down,St Helens Bridge,Edgemead,6,Hampton Hargate,True,
R004,Stepford Connect,down,St Helens Bridge,Edgemead,7,Water Newton,True,
R004,Stepford Connect,down,St Helens Bridge,Edgemead,8,Leighton Stepford Road,True,
R004,Stepford Connect,down,St Helens Bridge,Edgemead,9,Leighton City,True,
R004,Stepford Connect,down,St Helens Bridge,Edgemead,10,Edgemead,True,
R004,Stepford Connect,up,Edgemead,St Helens Bridge,1,Edgemead,True,
R004,Stepford Connect,up,Edgemead,St Helens Bridge,2,Leighton City,True,
R004,Stepford Connect,up,Edgemead,St Helens Bridge,3,Leighton Stepford Road,True,
R004,Stepford Connect,up,Edgemead,St Helens Bridge,4,Water Newton,True,
R004,Stepford Connect,up,Edgemead,St Helens Bridge,5,Hampton Hargate,True,
R004,Stepford Connect,up,Edgemead,St Helens Bridge,6,Benton Bridge,True,
R004,Stepford Connect,up,Edgemead,St Helens Bridge,7,Benton,True,
R004,Stepford Connect,up,Edgemead,St Helens Bridge,8,Coxly,True,
R004,Stepford Connect,up,Edgemead,St Helens Bridge,9,Bodin,True,
R004,Stepford Connect,up,Edgemead,St Helens Bridge,10,St Helens Bridge,True,
R005,Stepford Connect,down,Stepford Victoria,Stepford Airport Central,1,Stepford Victoria,True,
R005,Stepford Connect,down,Stepford Victoria,Stepford Airport Central,2,Financial Quarter,True,
R005,Stepford Connect,down,Stepford Victoria,Stepford Airport Central,3,Stepford Central,True,
R005,Stepford Connect,down,Stepford Victoria,Stepford Airport Central,4,Stepford East,True,
R005,Stepford Connect,down,Stepford Victoria,Stepford Airport Central,5,St Helens Bridge,True,
R005,Stepford Connect,down,Stepford Victoria,Stepford Airport Central,6,Bodin,True,
R005,Stepford Connect,down,Stepford Victoria,Stepford Airport Central,7,Coxly,True,
R005,Stepford Connect,down,Stepford Victoria,Stepford Airport Central,8,Benton,True,
R005,Stepford Connect,down,Stepford Victoria,Stepford Airport Central,9,Benton Bridge,True,
R005,Stepford Connect,down,Stepford Victoria,Stepford Airport Central,10,Stepford Airport Parkway,True,
R005,Stepford Connect,down,Stepford Victoria,Stepford Airport Central,11,Stepford Airport Central,True,
R005,Stepford Connect,up,Stepford Airport Central,Stepford Victoria,1,Stepford Airport Central,True,
R005,Stepford Connect,up,Stepford Airport Central,Stepford Victoria,2,Stepford Airport Parkway,True,
R005,Stepford Connect,up,Stepford Airport Central,Stepford Victoria,3,Benton Bridge,True,
R005,Stepford Connect,up,Stepford Airport Central,Stepford Victoria,4,Benton,True,
R005,Stepford Connect,up,Stepford Airport Central,Stepford Victoria,5,Coxly,True,
R005,Stepford Connect,up,Stepford Airport Central,Stepford Victoria,6,Bodin,True,
R005,Stepford Connect,up,Stepford Airport Central,Stepford Victoria,7,St Helens Bridge,True,
R005,Stepford Connect,up,Stepford Airport Central,Stepford Victoria,8,Stepford East,True,
R005,Stepford Connect,up,Stepford Airport Central,Stepford Victoria,9,Stepford Central,True,
R005,Stepford Connect,up,Stepford Airport Central,Stepford Victoria,10,Financial Quarter,True,
R005,Stepford Connect,up,Stepford Airport Central,Stepford Victoria,11,Stepford Victoria,True,
R006,Metro,down,Stepford Victoria,Port Benton,1,Stepford Victoria,True,0.0
R006,Metro,down,Stepford Victoria,Port Benton,2,City Hospital,True,2.0
R006,Metro,down,Stepford Victoria,Port Benton,3,Stepford Central,True,4.0
R006,Metro,down,Stepford Victoria,Port Benton,4,Four Ways,True,5.0
R006,Metro,down,Stepford Victoria,Port Benton,5,Stepford East,True,7.0
R006,Metro,down,Stepford Victoria,Port Benton,6,St Helens Bridge,True,9.0
R006,Metro,down,Stepford Victoria,Port Benton,7,Angel Pass,True,11.0
R006,Metro,down,Stepford Victoria,Port Benton,8,Bodin,True,12.0
R006,Metro,down,Stepford Victoria,Port Benton,9,Coxly,True,14.0
R006,Metro,down,Stepford Victoria,Port Benton,10,Benton,True,15.0
R006,Metro,down,Stepford Victoria,Port Benton,11,Port Benton,True,16.0
R006,Metro,up,Port Benton,Stepford Victoria,1,Port Benton,True,0.0
R006,Metro,up,Port Benton,Stepford Victoria,2,Benton,True,1.0
R006,Metro,up,Port Benton,Stepford Victoria,3,Coxly,True,2.0
R006,Metro,up,Port Benton,Stepford Victoria,4,Bodin,True,4.0
R006,Metro,up,Port Benton,Stepford Victoria,5,Angel Pass,True,6.0
R006,Metro,up,Port Benton,Stepford Victoria,6,St Helens Bridge,True,7.0
R006,Metro,up,Port Benton,Stepford Victoria,7,Stepford East,True,9.0
R006,Metro,up,Port Benton,Stepford Victoria,8,Four Ways,True,10.0
R006,Metro,up,Port Benton,Stepford Victoria,9,Stepford Central,True,12.0
R006,Metro,up,Port Benton,Stepford Victoria,10,City Hospital,True,14.0
R006,Metro,up,Port Benton,Stepford Victoria,11,Stepford Victoria,True,16.0
R007,Stepford Connect,down,Stepford Central,Morganstown,1,Stepford Central,True,
R007,Stepford Connect,down,Stepford Central,Morganstown,2,Stepford East,True,
R007,Stepford Connect,down,Stepford Central,Morganstown,3,St Helens Bridge,True,
R007,Stepford Connect,down,Stepford Central,Morganstown,4,Elsemere Junction,True,
R007,Stepford Connect,down,Stepford Central,Morganstown,5,Berrily,True,
R007,Stepford Connect,down,Stepford Central,Morganstown,6,Morganstown,True,
R007,Stepford Connect,up,Morganstown,Stepford Central,1,Morganstown,True,
R007,Stepford Connect,up,Morganstown,Stepford Central,2,Berrily,True,
R007,Stepford Connect,up,Morganstown,Stepford Central,3,Elsemere Junction,True,
R007,Stepford Connect,up,Morganstown,Stepford Central,4,St Helens Bridge,True,
R007,Stepford Connect,up,Morganstown,Stepford Central,5,Stepford East,True,
R007,Stepford Connect,up,Morganstown,Stepford Central,6,Stepford Central,True,
R008,Metro,down,Stepford Victoria,Berrily,1,Stepford Victoria,True,0.0
R008,Metro,down,Stepford Victoria,Berrily,2,Financial Quarter,True,2.0
R008,Metro,down,Stepford Victoria,Berrily,3,City Hospital,True,4.0
R008,Metro,down,Stepford Victoria,Berrily,4,Stepford Central,True,6.0
R008,Metro,down,Stepford Victoria,Berrily,5,Four Ways,True,7.0
R008,Metro,down,Stepford Victoria,Berrily,6,Stepford East,True,9.0
R008,Metro,down,Stepford Victoria,Berrily,7,Stepford High Street,True,10.0
R008,Metro,down,Stepford Victoria,Berrily,8,St Helens Bridge,True,12.0
R008,Metro,down,Stepford Victoria,Berrily,9,New Harrow,True,14.0
R008,Metro,down,Stepford Victoria,Berrily,10,Elsemere Pond,True,15.0
R008,Metro,down,Stepford Victoria,Berrily,11,Elsemere Junction,True,16.0
R008,Metro,down,Stepford Victoria,Berrily,12,Berrily,True,18.0
R008,Metro,up,Berrily,Stepford Victoria,1,Berrily,True,0.0
R008,Metro,up,Berrily,Stepford Victoria,2,Elsemere Junction,True,2.0
R008,Metro,up,Berrily,Stepford Victoria,3,Elsemere Pond,True,3.0
R008,Metro,up,Berrily,Stepford Victoria,4,New Harrow,True,4.0
R008,Metro,up,Berrily,Stepford Victoria,5,St Helens Bridge,True,6.0
R008,Metro,up,Berrily,Stepford Victoria,6,Stepford High Street,True,7.0
R008,Metro,up,Berrily,Stepford Victoria,7,Stepford East,True,9.0
R008,Metro,up,Berrily,Stepford Victoria,8,Four Ways,True,10.0
R008,Metro,up,Berrily,Stepford Victoria,9,Stepford Central,True,12.0
R008,Metro,up,Berrily,Stepford Victoria,10,City Hospital,True,14.0
R008,Metro,up,Berrily,Stepford Victoria,11,Financial Quarter,True,16.0
R008,Metro,up,Berrily,Stepford Victoria,12,Stepford Victoria,True,19.0
R009,Stepford Connect,down,Stepford Victoria,Edgemead,1,Stepford Victoria,True,
R009,Stepford Connect,down,Stepford Victoria,Edgemead,2,Stepford Central,True,
R009,Stepford Connect,down,Stepford Victoria,Edgemead,3,Stepford East,True,
R009,Stepford Connect,down,Stepford Victoria,Edgemead,4,St Helens Bridge,True,
R009,Stepford Connect,down,Stepford Victoria,Edgemead,5,Bodin,True,
R009,Stepford Connect,down,Stepford Victoria,Edgemead,6,Coxly,True,
R009,Stepford Connect,down,Stepford Victoria,Edgemead,7,Benton,True,
R009,Stepford Connect,down,Stepford Victoria,Edgemead,8,Benton Bridge,True,
R009,Stepford Connect,down,Stepford Victoria,Edgemead,9,Hampton Hargate,True,
R009,Stepford Connect,down,Stepford Victoria,Edgemead,10,Water Newton,True,
R009,Stepford Connect,down,Stepford Victoria,Edgemead,11,Rocket Parade,True,
R009,Stepford Connect,down,Stepford Victoria,Edgemead,12,Leighton Stepford Road,True,
R009,Stepford Connect,down,Stepford Victoria,Edgemead,13,Leighton City,True,
R009,Stepford Connect,down,Stepford Victoria,Edgemead,14,Edgemead,True,
R009,Stepford Connect,up,Edgemead,Stepford Victoria,1,Edgemead,True,
R009,Stepford Connect,up,Edgemead,Stepford Victoria,2,Leighton City,True,
R009,Stepford Connect,up,Edgemead,Stepford Victoria,3,Leighton Stepford Road,True,
R009,Stepford Connect,up,Edgemead,Stepford Victoria,4,Rocket Parade,True,
R009,Stepford Connect,up,Edgemead,Stepford Victoria,5,Water Newton,True,
R009,Stepford Connect,up,Edgemead,Stepford Victoria,6,Hampton Hargate,True,
R009,Stepford Connect,up,Edgemead,Stepford Victoria,7,Benton Bridge,True,
R009,Stepford Connect,up,Edgemead,Stepford Victoria,8,Benton,True,
R009,Stepford Connect,up,Edgemead,Stepford Victoria,9,Coxly,True,
R009,Stepford Connect,up,Edgemead,Stepford Victoria,10,Bodin,True,
R009,Stepford Connect,up,Edgemead,Stepford Victoria,11,St Helens Bridge,True,
R009,Stepford Connect,up,Edgemead,Stepford Victoria,12,Stepford East,True,
R009,Stepford Connect,up,Edgemead,Stepford Victoria,13,Stepford Central,True,
R009,Stepford Connect,up,Edgemead,Stepford Victoria,14,Stepford Victoria,True,
R014,Waterline,down,Newry,Esterfield,1,Newry,True,0.0
R014,Waterline,down,Newry,Esterfield,2,Eden Quay,True,1.0
R014,Waterline,down,Newry,Esterfield,3,Faraday Road,True,3.0
R014,Waterline,down,Newry,Esterfield,4,West Benton,True,4.0
R014,Waterline,down,Newry,Esterfield,5,Benton,True,5.0
R014,Waterline,down,Newry,Esterfield,6,Cambridge Street Parkway,True,6.0
R014,Waterline,down,Newry,Esterfield,7,Airport West,True,8.0
R014,Waterline,down,Newry,Esterfield,8,Farleigh,True,12.0
R014,Waterline,down,Newry,Esterfield,9,Esterfield,True,15.0
R014,Waterline,up,Esterfield,Newry,1,Esterfield,True,0.0
R014,Waterline,up,Esterfield,Newry,2,Farleigh,True,3.0
R014,Waterline,up,Esterfield,Newry,3,Airport West,True,7.0
R014,Waterline,up,Esterfield,Newry,4,Cambridge Street Parkway,True,9.0
R014,Waterline,up,Esterfield,Newry,5,Benton,True,10.0
R014,Waterline,up,Esterfield,Newry,6,West Benton,True,11.0
R014,Waterline,up,Esterfield,Newry,7,Faraday Road,True,12.0
R014,Waterline,up,Esterfield,Newry,8,Eden Quay,True,14.0
R014,Waterline,up,Esterfield,Newry,9,Newry,True,15.0
R020,Stepford Connect,down,Stepford Central,Whitefield,1,Stepford Central,True,
R020,Stepford Connect,down,Stepford Central,Whitefield,2,Stepford East,True,
R020,Stepford Connect,down,Stepford Central,Whitefield,3,Stepford United Football Club,True,
R020,Stepford Connect,down,Stepford Central,Whitefield,4,Woodhead Lane,True,
R020,Stepford Connect,down,Stepford Central,Whitefield,5,Houghton Rake,True,
R020,Stepford Connect,down,Stepford Central,Whitefield,6,Whitefield,True,
R020,Stepford Connect,up,Whitefield,Stepford Central,1,Whitefield,True,
R020,Stepford Connect,up,Whitefield,Stepford Central,2,Houghton Rake,True,
R020,Stepford Connect,up,Whitefield,Stepford Central,3,Woodhead Lane,True,
R020,Stepford Connect,up,Whitefield,Stepford Central,4,Stepford United Football Club,True,
R020,Stepford Connect,up,Whitefield,Stepford Central,5,Stepford East,True,
R020,Stepford Connect,up,Whitefield,Stepford Central,6,Stepford Central,True,
R022,Stepford Connect,down,Beechley,Whitefield,1,Beechley,True,
R022,Stepford Connect,down,Beechley,Whitefield,2,Stepford Central,True,
R022,Stepford Connect,down,Beechley,Whitefield,3,Stepford East,True,
R022,Stepford Connect,down,Beechley,Whitefield,4,Stepford United Football Club,True,
R022,Stepford Connect,down,Beechley,Whitefield,5,Woodhead Lane,True,
R022,Stepford Connect,down,Beechley,Whitefield,6,Whitefield,True,
R022,Stepford Connect,up,Whitefield,Beechley,1,Whitefield,True,
R022,Stepford Connect,up,Whitefield,Beechley,2,Woodhead Lane,True,
R022,Stepford Connect,up,Whitefield,Beechley,3,Stepford United Football Club,True,
R022,Stepford Connect,up,Whitefield,Beechley,4,Stepford East,True,
R022,Stepford Connect,up,Whitefield,Beechley,5,Stepford Central,True,
R022,Stepford Connect,up,Whitefield,Beechley,6,Beechley,True,
R023,Metro,down,Stepford Victoria,Stepford United Football Club,1,Stepford Victoria,True,0.0
R023,Metro,down,Stepford Victoria,Stepford United Football Club,2,Financial Quarter,True,3.0
R023,Metro,down,Stepford Victoria,Stepford United Football Club,3,City Hospital,True,5.0
R023,Metro,down,Stepford Victoria,Stepford United Football Club,4,Stepford Central,True,7.0
R023,Metro,down,Stepford Victoria,Stepford United Football Club,5,Four Ways,True,9.0
R023,Metro,down,Stepford Victoria,Stepford United Football Club,6,Stepford East,True,10.0
R023,Metro,down,Stepford Victoria,Stepford United Football Club,7,Stepford High Street,True,12.0
R023,Metro,down,Stepford Victoria,Stepford United Football Club,8,Whitefield Lido,True,13.0
R023,Metro,down,Stepford Victoria,Stepford United Football Club,9,Stepford United Football Club,True,15.0
R023,Metro,up,Stepford United Football Club,Stepford Victoria,1,Stepford United Football Club,True,0.0
R023,Metro,up,Stepford United Football Club,Stepford Victoria,2,Whitefield Lido,True,2.0
R023,Metro,up,Stepford United Football Club,Stepford Victoria,3,Stepford High Street,True,3.0
R023,Metro,up,Stepford United Football Club,Stepford Victoria,4,Stepford East,True,5.0
R023,Metro,up,Stepford United Football Club,Stepford Victoria,5,Four Ways,True,6.0
R023,Metro,up,Stepford United Football Club,Stepford Victoria,6,Stepford Central,True,8.0
R023,Metro,up,Stepford United Football Club,Stepford Victoria,7,City Hospital,True,10.0
R023,Metro,up,Stepford United Football Club,Stepford Victoria,8,Financial Quarter,True,12.0
R023,Metro,up,Stepford United Football Club,Stepford Victoria,9,Stepford Victoria,True,15.0
R024,Stepford Connect,down,Stepford Central,Llyn-by-the-Sea,1,Stepford Central,True,
R024,Stepford Connect,down,Stepford Central,Llyn-by-the-Sea,2,Stepford East,True,
R024,Stepford Connect,down,Stepford Central,Llyn-by-the-Sea,3,St Helens Bridge,True,
R024,Stepford Connect,down,Stepford Central,Llyn-by-the-Sea,4,Bodin,True,
R024,Stepford Connect,down,Stepford Central,Llyn-by-the-Sea,5,Coxly,True,
R024,Stepford Connect,down,Stepford Central,Llyn-by-the-Sea,6,Benton,True,
R024,Stepford Connect,down,Stepford Central,Llyn-by-the-Sea,7,Benton Bridge,True,
R024,Stepford Connect,down,Stepford Central,Llyn-by-the-Sea,8,Hampton Hargate,True,
R024,Stepford Connect,down,Stepford Central,Llyn-by-the-Sea,9,Water Newton,True,
R024,Stepford Connect,down,Stepford Central,Llyn-by-the-Sea,10,Rocket Parade,True,
R024,Stepford Connect,down,Stepford Central,Llyn-by-the-Sea,11,Leighton Stepford Road,True,
R024,Stepford Connect,down,Stepford Central,Llyn-by-the-Sea,12,Leighton City,True,
R024,Stepford Connect,down,Stepford Central,Llyn-by-the-Sea,13,Edgemead,True,
R024,Stepford Connect,down,Stepford Central,Llyn-by-the-Sea,14,Faymere,True,
R024,Stepford Connect,down,Stepford Central,Llyn-by-the-Sea,15,Westercoast,True,
R024,Stepford Connect,down,Stepford Central,Llyn-by-the-Sea,16,Millcastle,True,
R024,Stepford Connect,down,Stepford Central,Llyn-by-the-Sea,17,Westwyvern,True,
R024,Stepford Connect,down,Stepford Central,Llyn-by-the-Sea,18,Starryloch,True,
R024,Stepford Connect,down,Stepford Central,Llyn-by-the-Sea,19,Northshore,True,
R024,Stepford Connect,down,Stepford Central,Llyn-by-the-Sea,20,Llyn-by-the-Sea,True,
R024,Stepford Connect,up,Llyn-by-the-Sea,Stepford Central,1,Llyn-by-the-Sea,True,
R024,Stepford Connect,up,Llyn-by-the-Sea,Stepford Central,2,Northshore,True,
R024,Stepford Connect,up,Llyn-by-the-Sea,Stepford Central,3,Starryloch,True,
R024,Stepford Connect,up,Llyn-by-the-Sea,Stepford Central,4,Westwyvern,True,
R024,Stepford Connect,up,Llyn-by-the-Sea,Stepford Central,5,Millcastle,True,
R024,Stepford Connect,up,Llyn-by-the-Sea,Stepford Central,6,Westercoast,True,
R024,Stepford Connect,up,Llyn-by-the-Sea,Stepford Central,7,Faymere,True,
R024,Stepford Connect,up,Llyn-by-the-Sea,Stepford Central,8,Edgemead,True,
R024,Stepford Connect,up,Llyn-by-the-Sea,Stepford Central,9,Leighton City,True,
R024,Stepford Connect,up,Llyn-by-the-Sea,Stepford Central,10,Leighton Stepford Road,True,
R024,Stepford Connect,up,Llyn-by-the-Sea,Stepford Central,11,Rocket Parade,True,
R024,Stepford Connect,up,Llyn-by-the-Sea,Stepford Central,12,Water Newton,True,
R024,Stepford Connect,up,Llyn-by-the-Sea,Stepford Central,13,Hampton Hargate,True,
R024,Stepford Connect,up,Llyn-by-the-Sea,Stepford Central,14,Benton Bridge,True,
R024,Stepford Connect,up,Llyn-by-the-Sea,Stepford Central,15,Benton,True,
R024,Stepford Connect,up,Llyn-by-the-Sea,Stepford Central,16,Coxly,True,
R024,Stepford Connect,up,Llyn-by-the-Sea,Stepford Central,17,Bodin,True,
R024,Stepford Connect,up,Llyn-by-the-Sea,Stepford Central,18,St Helens Bridge,True,
R024,Stepford Connect,up,Llyn-by-the-Sea,Stepford Central,19,Stepford East,True,
R024,Stepford Connect,up,Llyn-by-the-Sea,Stepford Central,20,Stepford Central,True,
R025,Stepford Connect,down,St Helens Bridge,Westwyvern,1,St Helens Bridge,True,
R025,Stepford Connect,down,St Helens Bridge,Westwyvern,2,Bodin,True,
R025,Stepford Connect,down,St Helens Bridge,Westwyvern,3,Coxly,True,
R025,Stepford Connect,down,St Helens Bridge,Westwyvern,4,Benton,True,
R025,Stepford Connect,down,St Helens Bridge,Westwyvern,5,Benton Bridge,True,
R025,Stepford Connect,down,St Helens Bridge,Westwyvern,6,Hampton Hargate,True,
R025,Stepford Connect,down,St Helens Bridge,Westwyvern,7,Upper Staploe,True,
R025,Stepford Connect,down,St Helens Bridge,Westwyvern,8,Water Newton,True,
R025,Stepford Connect,down,St Helens Bridge,Westwyvern,9,Rocket Parade,True,
R025,Stepford Connect,down,St Helens Bridge,Westwyvern,10,Leighton Stepford Road,True,
R025,Stepford Connect,down,St Helens Bridge,Westwyvern,11,Leighton City,True,
R025,Stepford Connect,down,St Helens Bridge,Westwyvern,12,Edgemead,True,
R025,Stepford Connect,down,St Helens Bridge,Westwyvern,13,Faymere,True,
R025,Stepford Connect,down,St Helens Bridge,Westwyvern,14,Westercoast,True,
R025,Stepford Connect,down,St Helens Bridge,Westwyvern,15,Millcastle Racecourse,True,
R025,Stepford Connect,down,St Helens Bridge,Westwyvern,16,Millcastle,True,
R025,Stepford Connect,down,St Helens Bridge,Westwyvern,17,Westwyvern,True,
R025,Stepford Connect,up,Westwyvern,St Helens Bridge,1,Westwyvern,True,
R025,Stepford Connect,up,Westwyvern,St Helens Bridge,2,Millcastle,True,
R025,Stepford Connect,up,Westwyvern,St Helens Bridge,3,Millcastle Racecourse,True,
R025,Stepford Connect,up,Westwyvern,St Helens Bridge,4,Westercoast,True,
R025,Stepford Connect,up,Westwyvern,St Helens Bridge,5,Faymere,True,
R025,Stepford Connect,up,Westwyvern,St Helens Bridge,6,Edgemead,True,
R025,Stepford Connect,up,Westwyvern,St Helens Bridge,7,Leighton City,True,
R025,Stepford Connect,up,Westwyvern,St Helens Bridge,8,Leighton Stepford Road,True,
R025,Stepford Connect,up,Westwyvern,St Helens Bridge,9,Rocket Parade,True,
R025,Stepford Connect,up,Westwyvern,St Helens Bridge,10,Water Newton,True,
R025,Stepford Connect,up,Westwyvern,St Helens Bridge,11,Upper Staploe,True,
R025,Stepford Connect,up,Westwyvern,St Helens Bridge,12,Hampton Hargate,True,
R025,Stepford Connect,up,Westwyvern,St Helens Bridge,13,Benton Bridge,True,
R025,Stepford Connect,up,Westwyvern,St Helens Bridge,14,Benton,True,
R025,Stepford Connect,up,Westwyvern,St Helens Bridge,15,Coxly,True,
R025,Stepford Connect,up,Westwyvern,St Helens Bridge,16,Bodin,True,
R025,Stepford Connect,up,Westwyvern,St Helens Bridge,17,St Helens Bridge,True,
R026,Stepford Connect,down,Stepford Victoria,Llyn-by-the-Sea,1,Stepford Victoria,True,
R026,Stepford Connect,down,Stepford Victoria,Llyn-by-the-Sea,2,Stepford Central,True,
R026,Stepford Connect,down,Stepford Victoria,Llyn-by-the-Sea,3,Stepford East,True,
R026,Stepford Connect,down,Stepford Victoria,Llyn-by-the-Sea,4,St Helens Bridge,True,
R026,Stepford Connect,down,Stepford Victoria,Llyn-by-the-Sea,5,Bodin,True,
R026,Stepford Connect,down,Stepford Victoria,Llyn-by-the-Sea,6,Coxly,True,
R026,Stepford Connect,down,Stepford Victoria,Llyn-by-the-Sea,7,Benton,True,
R026,Stepford Connect,down,Stepford Victoria,Llyn-by-the-Sea,8,Hampton Hargate,True,
R026,Stepford Connect,down,Stepford Victoria,Llyn-by-the-Sea,9,Water Newton,True,
R026,Stepford Connect,down,Stepford Victoria,Llyn-by-the-Sea,10,Leighton Stepford Road,True,
R026,Stepford Connect,down,Stepford Victoria,Llyn-by-the-Sea,11,Leighton City,True,
R026,Stepford Connect,down,Stepford Victoria,Llyn-by-the-Sea,12,Edgemead,True,
R026,Stepford Connect,down,Stepford Victoria,Llyn-by-the-Sea,13,Westercoast,True,
R026,Stepford Connect,down,Stepford Victoria,Llyn-by-the-Sea,14,Millcastle,True,
R026,Stepford Connect,down,Stepford Victoria,Llyn-by-the-Sea,15,Westwyvern,True,
R026,Stepford Connect,down,Stepford Victoria,Llyn-by-the-Sea,16,Northshore,True,
R026,Stepford Connect,down,Stepford Victoria,Llyn-by-the-Sea,17,Llyn-by-the-Sea,True,
R026,Stepford Connect,up,Llyn-by-the-Sea,Stepford Victoria,1,Llyn-by-the-Sea,True,
R026,Stepford Connect,up,Llyn-by-the-Sea,Stepford Victoria,2,Northshore,True,
R026,Stepford Connect,up,Llyn-by-the-Sea,Stepford Victoria,3,Westwyvern,True,
R026,Stepford Connect,up,Llyn-by-the-Sea,Stepford Victoria,4,Millcastle,True,
R026,Stepford Connect,up,Llyn-by-the-Sea,Stepford Victoria,5,Westercoast,True,
R026,Stepford Connect,up,Llyn-by-the-Sea,Stepford Victoria,6,Edgemead,True,
R026,Stepford Connect,up,Llyn-by-the-Sea,Stepford Victoria,7,Leighton City,True,
R026,Stepford Connect,up,Llyn-by-the-Sea,Stepford Victoria,8,Leighton Stepford Road,True,
R026,Stepford Connect,up,Llyn-by-the-Sea,Stepford Victoria,9,Water Newton,True,
R026,Stepford Connect,up,Llyn-by-the-Sea,Stepford Victoria,10,Hampton Hargate,True,
R026,Stepford Connect,up,Llyn-by-the-Sea,Stepford Victoria,11,Benton,True,
R026,Stepford Connect,up,Llyn-by-the-Sea,Stepford Victoria,12,Coxly,True,
R026,Stepford Connect,up,Llyn-by-the-Sea,Stepford Victoria,13,Bodin,True,
R026,Stepford Connect,up,Llyn-by-the-Sea,Stepford Victoria,14,St Helens Bridge,True,
R026,Stepford Connect,up,Llyn-by-the-Sea,Stepford Victoria,15,Stepford East,True,
R026,Stepford Connect,up,Llyn-by-the-Sea,Stepford Victoria,16,Stepford Central,True,
R026,Stepford Connect,up,Llyn-by-the-Sea,Stepford Victoria,17,Stepford Victoria,True,
R027,Metro,down,Stepford Central,Berrily,1,Stepford Central,True,0.0
R027,Metro,down,Stepford Central,Berrily,2,Four Ways,True,1.0
R027,Metro,down,Stepford Central,Berrily,3,Stepford East,True,3.0
R027,Metro,down,Stepford Central,Berrily,4,Stepford High Street,True,4.0
R027,Metro,down,Stepford Central,Berrily,5,St Helens Bridge,True,6.0
R027,Metro,down,Stepford Central,Berrily,6,New Harrow,True,8.0
R027,Metro,down,Stepford Central,Berrily,7,Elsemere Pond,True,9.0
R027,Metro,down,Stepford Central,Berrily,8,Elsemere Junction,True,10.0
R027,Metro,down,Stepford Central,Berrily,9,Berrily,True,12.0
R027,Metro,up,Berrily,Stepford Central,1,Berrily,True,0.0
R027,Metro,up,Berrily,Stepford Central,2,Elsemere Junction,True,2.0
R027,Metro,up,Berrily,Stepford Central,3,Elsemere Pond,True,3.0
R027,Metro,up,Berrily,Stepford Central,4,New Harrow,True,4.0
R027,Metro,up,Berrily,Stepford Central,5,St Helens Bridge,True,6.0
R027,Metro,up,Berrily,Stepford Central,6,Stepford High Street,True,8.0
R027,Metro,up,Berrily,Stepford Central,7,Stepford East,True,9.0
R027,Metro,up,Berrily,Stepford Central,8,Four Ways,True,10.0
R027,Metro,up,Berrily,Stepford Central,9,Stepford Central,True,12.0
R028,Metro,down,Stepford Victoria,Willowfield,1,Stepford Victoria,True,0.0
R028,Metro,down,Stepford Victoria,Willowfield,2,Financial Quarter,True,1.0
R028,Metro,down,Stepford Victoria,Willowfield,3,Beechley,True,3.0
R028,Metro,down,Stepford Victoria,Willowfield,4,Hemdon Park,True,5.0
R028,Metro,down,Stepford Victoria,Willowfield,5,Willowfield,True,7.0
R028,Metro,up,Willowfield,Stepford Victoria,1,Willowfield,True,0.0
R028,Metro,up,Willowfield,Stepford Victoria,2,Hemdon Park,True,2.0
R028,Metro,up,Willowfield,Stepford Victoria,3,Beechley,True,4.0
R028,Metro,up,Willowfield,Stepford Victoria,4,Financial Quarter,True,6.0
R028,Metro,up,Willowfield,Stepford Victoria,5,Stepford Victoria,True,7.0
R029,Metro,down,Stepford Victoria,Beechley,1,Stepford Victoria,True,0.0
R029,Metro,down,Stepford Victoria,Beechley,2,Financial Quarter,True,1.0
R029,Metro,down,Stepford Victoria,Beechley,3,Beechley,True,3.0
R029,Metro,up,Beechley,Stepford Victoria,1,Beechley,True,0.0
R029,Metro,up,Beechley,Stepford Victoria,2,Financial Quarter,True,2.0
R029,Metro,up,Beechley,Stepford Victoria,3,Stepford Victoria,True,3.0
R030,Metro,down,Willowfield,Berrily,1,Willowfield,True,0.0
R030,Metro,down,Willowfield,Berrily,2,Hemdon Park,True,2.0
R030,Metro,down,Willowfield,Berrily,3,Beechley,True,4.0
R030,Metro,down,Willowfield,Berrily,4,City Hospital,True,6.0
R030,Metro,down,Willowfield,Berrily,5,Stepford Central,True,8.0
R030,Metro,down,Willowfield,Berrily,6,Four Ways,True,10.0
R030,Metro,down,Willowfield,Berrily,7,Stepford East,True,11.0
R030,Metro,down,Willowfield,Berrily,8,Stepford High Street,True,13.0
R030,Metro,down,Willowfield,Berrily,9,St Helens Bridge,True,14.0
R030,Metro,down,Willowfield,Berrily,10,New Harrow,True,16.0
R030,Metro,down,Willowfield,Berrily,11,Elsemere Pond,True,17.0
R030,Metro,down,Willowfield,Berrily,12,Elsemere Junction,True,18.0
R030,Metro,down,Willowfield,Berrily,13,Berrily,True,20.0
R030,Metro,up,Berrily,Willowfield,1,Berrily,True,0.0
R030,Metro,up,Berrily,Willowfield,2,Elsemere Junction,True,2.0
R030,Metro,up,Berrily,Willowfield,3,Elsemere Pond,True,3.0
R030,Metro,up,Berrily,Willowfield,4,New Harrow,True,4.0
R030,Metro,up,Berrily,Willowfield,5,St Helens Bridge,True,6.0
R030,Metro,up,Berrily,Willowfield,6,Stepford High Street,True,8.0
R030,Metro,up,Berrily,Willowfield,7,Stepford East,True,9.0
R030,Metro,up,Berrily,Willowfield,8,Four Ways,True,11.0
R030,Metro,up,Berrily,Willowfield,9,Stepford Central,True,12.0
R030,Metro,up,Berrily,Willowfield,10,City Hospital,True,14.0
R030,Metro,up,Berrily,Willowfield,11,Beechley,True,16.0
R030,Metro,up,Berrily,Willowfield,12,Hemdon Park,True,18.0
R030,Metro,up,Berrily,Willowfield,13,Willowfield,True,20.0
R031,Metro,down,Willowfield,Stepford United Football Club,1,Willowfield,True,0.0
R031,Metro,down,Willowfield,Stepford United Football Club,2,Hemdon Park,True,2.0
R031,Metro,down,Willowfield,Stepford United Football Club,3,Beechley,True,4.0
R031,Metro,down,Willowfield,Stepford United Football Club,4,City Hospital,True,6.0
R031,Metro,down,Willowfield,Stepford United Football Club,5,Stepford Central,True,8.0
R031,Metro,down,Willowfield,Stepford United Football Club,6,Four Ways,True,10.0
R031,Metro,down,Willowfield,Stepford United Football Club,7,Stepford East,True,11.0
R031,Metro,down,Willowfield,Stepford United Football Club,8,Stepford High Street,True,13.0
R031,Metro,down,Willowfield,Stepford United Football Club,9,Whitefield Lido,True,14.0
R031,Metro,down,Willowfield,Stepford United Football Club,10,Stepford United Football Club,True,16.0
R031,Metro,up,Stepford United Football Club,Willowfield,1,Stepford United Football Club,True,0.0
R031,Metro,up,Stepford United Football Club,Willowfield,2,Whitefield Lido,True,2.0
R031,Metro,up,Stepford United Football Club,Willowfield,3,Stepford High Street,True,3.0
R031,Metro,up,Stepford United Football Club,Willowfield,4,Stepford East,True,5.0
R031,Metro,up,Stepford United Football Club,Willowfield,5,Four Ways,True,6.0
R031,Metro,up,Stepford United Football Club,Willowfield,6,Stepford Central,True,8.0
R031,Metro,up,Stepford United Football Club,Willowfield,7,City Hospital,True,10.0
R031,Metro,up,Stepford United Football Club,Willowfield,8,Beechley,True,12.0
R031,Metro,up,Stepford United Football Club,Willowfield,9,Hemdon Park,True,14.0
R031,Metro,up,Stepford United Football Club,Willowfield,10,Willowfield,True,16.0
R032,Stepford Connect,down,Willowfield,Port Benton,1,Willowfield,True,
R032,Stepford Connect,down,Willowfield,Port Benton,2,Beechley,True,
R032,Stepford Connect,down,Willowfield,Port Benton,3,Stepford Central,True,
R032,Stepford Connect,down,Willowfield,Port Benton,4,Stepford East,True,
R032,Stepford Connect,down,Willowfield,Port Benton,5,St Helens Bridge,True,
R032,Stepford Connect,down,Willowfield,Port Benton,6,Bodin,True,
R032,Stepford Connect,down,Willowfield,Port Benton,7,Coxly,True,
R032,Stepford Connect,down,Willowfield,Port Benton,8,Benton,True,
R032,Stepford Connect,down,Willowfield,Port Benton,9,Port Benton,True,
R032,Stepford Connect,up,Port Benton,Willowfield,1,Port Benton,True,
R032,Stepford Connect,up,Port Benton,Willowfield,2,Benton,True,
R032,Stepford Connect,up,Port Benton,Willowfield,3,Coxly,True,
R032,Stepford Connect,up,Port Benton,Willowfield,4,Bodin,True,
R032,Stepford Connect,up,Port Benton,Willowfield,5,St Helens Bridge,True,
R032,Stepford Connect,up,Port Benton,Willowfield,6,Stepford East,True,
R032,Stepford Connect,up,Port Benton,Willowfield,7,Stepford Central,True,
R032,Stepford Connect,up,Port Benton,Willowfield,8,Beechley,True,
R032,Stepford Connect,up,Port Benton,Willowfield,9,Willowfield,True,
R033,Stepford Connect,down,Beechley,Stepford Airport Central,1,Beechley,True,
R033,Stepford Connect,down,Beechley,Stepford Airport Central,2,Stepford Central,True,
R033,Stepford Connect,down,Beechley,Stepford Airport Central,3,Stepford East,True,
R033,Stepford Connect,down,Beechley,Stepford Airport Central,4,St Helens Bridge,True,
R033,Stepford Connect,down,Beechley,Stepford Airport Central,5,Bodin,True,
R033,Stepford Connect,down,Beechley,Stepford Airport Central,6,Coxly,True,
R033,Stepford Connect,down,Beechley,Stepford Airport Central,7,Benton,True,
R033,Stepford Connect,down,Beechley,Stepford Airport Central,8,Benton Bridge,True,
R033,Stepford Connect,down,Beechley,Stepford Airport Central,9,Stepford Airport Parkway,True,
R033,Stepford Connect,down,Beechley,Stepford Airport Central,10,Stepford Airport Central,True,
R033,Stepford Connect,up,Stepford Airport Central,Beechley,1,Stepford Airport Central,True,
R033,Stepford Connect,up,Stepford Airport Central,Beechley,2,Stepford Airport Parkway,True,
R033,Stepford Connect,up,Stepford Airport Central,Beechley,3,Benton Bridge,True,
R033,Stepford Connect,up,Stepford Airport Central,Beechley,4,Benton,True,
R033,Stepford Connect,up,Stepford Airport Central,Beechley,5,Coxly,True,
R033,Stepford Connect,up,Stepford Airport Central,Beechley,6,Bodin,True,
R033,Stepford Connect,up,Stepford Airport Central,Beechley,7,St Helens Bridge,True,
R033,Stepford Connect,up,Stepford Airport Central,Beechley,8,Stepford East,True,
R033,Stepford Connect,up,Stepford Airport Central,Beechley,9,Stepford Central,True,
R033,Stepford Connect,up,Stepford Airport Central,Beechley,10,Beechley,True,
R034,Metro,down,Beechley,Morganstown,1,Beechley,True,0.0
R034,Metro,down,Beechley,Morganstown,2,City Hospital,True,2.0
R034,Metro,down,Beechley,Morganstown,3,Stepford Central,True,4.0
R034,Metro,down,Beechley,Morganstown,4,Four Ways,True,5.0
R034,Metro,down,Beechley,Morganstown,5,Stepford East,True,7.0
R034,Metro,down,Beechley,Morganstown,6,Stepford High Street,True,8.0
R034,Metro,down,Beechley,Morganstown,7,St Helens Bridge,True,10.0
R034,Metro,down,Beechley,Morganstown,8,New Harrow,True,11.0
R034,Metro,down,Beechley,Morganstown,9,Elsemere Pond,True,12.0
R034,Metro,down,Beechley,Morganstown,10,Elsemere Junction,True,13.0
R034,Metro,down,Beechley,Morganstown,11,Berrily,True,15.0
R034,Metro,down,Beechley,Morganstown,12,East Berrily,True,16.0
R034,Metro,down,Beechley,Morganstown,13,Beaulieu Park,True,17.0
R034,Metro,down,Beechley,Morganstown,14,Morganstown,True,20.0
R034,Metro,up,Morganstown,Beechley,1,Morganstown,True,0.0
R034,Metro,up,Morganstown,Beechley,2,Beaulieu Park,True,3.0
R034,Metro,up,Morganstown,Beechley,3,East Berrily,True,4.0
R034,Metro,up,Morganstown,Beechley,4,Berrily,True,5.0
R034,Metro,up,Morganstown,Beechley,5,Elsemere Junction,True,7.0
R034,Metro,up,Morganstown,Beechley,6,Elsemere Pond,True,8.0
R034,Metro,up,Morganstown,Beechley,7,New Harrow,True,9.0
R034,Metro,up,Morganstown,Beechley,8,St Helens Bridge,True,10.0
R034,Metro,up,Morganstown,Beechley,9,Stepford High Street,True,12.0
R034,Metro,up,Morganstown,Beechley,10,Stepford East,True,13.0
R034,Metro,up,Morganstown,Beechley,11,Four Ways,True,15.0
R034,Metro,up,Morganstown,Beechley,12,Stepford Central,True,16.0
R034,Metro,up,Morganstown,Beechley,13,City Hospital,True,18.0
R034,Metro,up,Morganstown,Beechley,14,Beechley,True,20.0
R035,Stepford Connect,down,Willowfield,Westwyvern,1,Willowfield,True,
R035,Stepford Connect,down,Willowfield,Westwyvern,2,Beechley,True,
R035,Stepford Connect,down,Willowfield,Westwyvern,3,Stepford Central,True,
R035,Stepford Connect,down,Willowfield,Westwyvern,4,Stepford East,True,
R035,Stepford Connect,down,Willowfield,Westwyvern,5,St Helens Bridge,True,
R035,Stepford Connect,down,Willowfield,Westwyvern,6,Bodin,True,
R035,Stepford Connect,down,Willowfield,Westwyvern,7,Coxly,True,
R035,Stepford Connect,down,Willowfield,Westwyvern,8,Benton,True,
R035,Stepford Connect,down,Willowfield,Westwyvern,9,Benton Bridge,True,
R035,Stepford Connect,down,Willowfield,Westwyvern,10,Hampton Hargate,True,
R035,Stepford Connect,down,Willowfield,Westwyvern,11,Water Newton,True,
R035,Stepford Connect,down,Willowfield,Westwyvern,12,Leighton Stepford Road,True,
R035,Stepford Connect,down,Willowfield,Westwyvern,13,Leighton City,True,
R035,Stepford Connect,down,Willowfield,Westwyvern,14,Edgemead,True,
R035,Stepford Connect,down,Willowfield,Westwyvern,15,Faymere,True,
R035,Stepford Connect,down,Willowfield,Westwyvern,16,Westercoast,True,
R035,Stepford Connect,down,Willowfield,Westwyvern,17,Millcastle,True,
R035,Stepford Connect,down,Willowfield,Westwyvern,18,Westwyvern,True,
R035,Stepford Connect,up,Westwyvern,Willowfield,1,Westwyvern,True,
R035,Stepford Connect,up,Westwyvern,Willowfield,2,Millcastle,True,
R035,Stepford Connect,up,Westwyvern,Willowfield,3,Westercoast,True,
R035,Stepford Connect,up,Westwyvern,Willowfield,4,Faymere,True,
R035,Stepford Connect,up,Westwyvern,Willowfield,5,Edgemead,True,
R035,Stepford Connect,up,Westwyvern,Willowfield,6,Leighton City,True,
R035,Stepford Connect,up,Westwyvern,Willowfield,7,Leighton Stepford Road,True,
R035,Stepford Connect,up,Westwyvern,Willowfield,8,Water Newton,True,
R035,Stepford Connect,up,Westwyvern,Willowfield,9,Hampton Hargate,True,
R035,Stepford Connect,up,Westwyvern,Willowfield,10,Benton Bridge,True,
R035,Stepford Connect,up,Westwyvern,Willowfield,11,Benton,True,
R035,Stepford Connect,up,Westwyvern,Willowfield,12,Coxly,True,
R035,Stepford Connect,up,Westwyvern,Willowfield,13,Bodin,True,
R035,Stepford Connect,up,Westwyvern,Willowfield,14,St Helens Bridge,True,
R035,Stepford Connect,up,Westwyvern,Willowfield,15,Stepford East,True,
R035,Stepford Connect,up,Westwyvern,Willowfield,16,Stepford Central,True,
R035,Stepford Connect,up,Westwyvern,Willowfield,17,Beechley,True,
R035,Stepford Connect,up,Westwyvern,Willowfield,18,Willowfield,True,
R036,Stepford Connect,down,Willowfield,Llyn-by-the-Sea,1,Willowfield,True,
R036,Stepford Connect,down,Willowfield,Llyn-by-the-Sea,2,Beechley,True,
R036,Stepford Connect,down,Willowfield,Llyn-by-the-Sea,3,Stepford Central,True,
R036,Stepford Connect,down,Willowfield,Llyn-by-the-Sea,4,Stepford East,True,
R036,Stepford Connect,down,Willowfield,Llyn-by-the-Sea,5,St Helens Bridge,True,
R036,Stepford Connect,down,Willowfield,Llyn-by-the-Sea,6,Bodin,True,
R036,Stepford Connect,down,Willowfield,Llyn-by-the-Sea,7,Coxly,True,
R036,Stepford Connect,down,Willowfield,Llyn-by-the-Sea,8,Benton,True,
R036,Stepford Connect,down,Willowfield,Llyn-by-the-Sea,9,Hampton Hargate,True,
R036,Stepford Connect,down,Willowfield,Llyn-by-the-Sea,10,Water Newton,True,
R036,Stepford Connect,down,Willowfield,Llyn-by-the-Sea,11,Leighton Stepford Road,True,
R036,Stepford Connect,down,Willowfield,Llyn-by-the-Sea,12,Leighton City,True,
R036,Stepford Connect,down,Willowfield,Llyn-by-the-Sea,13,Edgemead,True,
R036,Stepford Connect,down,Willowfield,Llyn-by-the-Sea,14,Westercoast,True,
R036,Stepford Connect,down,Willowfield,Llyn-by-the-Sea,15,Millcastle,True,
R036,Stepford Connect,down,Willowfield,Llyn-by-the-Sea,16,Westwyvern,True,
R036,Stepford Connect,down,Willowfield,Llyn-by-the-Sea,17,Northshore,True,
R036,Stepford Connect,down,Willowfield,Llyn-by-the-Sea,18,Llyn-by-the-Sea,True,
R036,Stepford Connect,up,Llyn-by-the-Sea,Willowfield,1,Llyn-by-the-Sea,True,
R036,Stepford Connect,up,Llyn-by-the-Sea,Willowfield,2,Northshore,True,
R036,Stepford Connect,up,Llyn-by-the-Sea,Willowfield,3,Westwyvern,True,
R036,Stepford Connect,up,Llyn-by-the-Sea,Willowfield,4,Millcastle,True,
R036,Stepford Connect,up,Llyn-by-the-Sea,Willowfield,5,Westercoast,True,
R036,Stepford Connect,up,Llyn-by-the-Sea,Willowfield,6,Edgemead,True,
R036,Stepford Connect,up,Llyn-by-the-Sea,Willowfield,7,Leighton City,True,
R036,Stepford Connect,up,Llyn-by-the-Sea,Willowfield,8,Leighton Stepford Road,True,
R036,Stepford Connect,up,Llyn-by-the-Sea,Willowfield,9,Water Newton,True,
R036,Stepford Connect,up,Llyn-by-the-Sea,Willowfield,10,Hampton Hargate,True,
R036,Stepford Connect,up,Llyn-by-the-Sea,Willowfield,11,Benton,True,
R036,Stepford Connect,up,Llyn-by-the-Sea,Willowfield,12,Coxly,True,
R036,Stepford Connect,up,Llyn-by-the-Sea,Willowfield,13,Bodin,True,
R036,Stepford Connect,up,Llyn-by-the-Sea,Willowfield,14,St Helens Bridge,True,
R036,Stepford Connect,up,Llyn-by-the-Sea,Willowfield,15,Stepford East,True,
R036,Stepford Connect,up,Llyn-by-the-Sea,Willowfield,16,Stepford Central,True,
R036,Stepford Connect,up,Llyn-by-the-Sea,Willowfield,17,Beechley,True,
R036,Stepford Connect,up,Llyn-by-the-Sea,Willowfield,18,Willowfield,True,
R037,Stepford Connect,down,Leighton City,Llyn-by-the-Sea,1,Leighton City,True,0.0
R037,Stepford Connect,down,Leighton City,Llyn-by-the-Sea,2,Edgemead,True,2.0
R037,Stepford Connect,down,Leighton City,Llyn-by-the-Sea,3,Faymere,True,4.0
R037,Stepford Connect,down,Leighton City,Llyn-by-the-Sea,4,Westercoast,True,7.0
R037,Stepford Connect,down,Leighton City,Llyn-by-the-Sea,5,Millcastle,True,9.0
R037,Stepford Connect,down,Leighton City,Llyn-by-the-Sea,6,Westwyvern,True,12.0
R037,Stepford Connect,down,Leighton City,Llyn-by-the-Sea,7,Northshore,True,14.0
R037,Stepford Connect,down,Leighton City,Llyn-by-the-Sea,8,Llyn-by-the-Sea,True,18.0
R037,Stepford Connect,up,Leighton City,Llyn-by-the-Sea,1,Llyn-by-the-Sea,True,0.0
R037,Stepford Connect,up,Leighton City,Llyn-by-the-Sea,2,Northshore,True,3.0
R037,Stepford Connect,up,Leighton City,Llyn-by-the-Sea,3,Westwyvern,True,5.0
R037,Stepford Connect,up,Leighton City,Llyn-by-the-Sea,4,Millcastle,True,7.0
R037,Stepford Connect,up,Leighton City,Llyn-by-the-Sea,5,Westercoast,True,9.0
R037,Stepford Connect,up,Leighton City,Llyn-by-the-Sea,6,Faymere,True,11.0
R037,Stepford Connect,up,Leighton City,Llyn-by-the-Sea,7,Edgemead,True,13.0
R037,Stepford Connect,up,Leighton City,Llyn-by-the-Sea,8,Leighton City,True,16.0
R038,Stepford Connect,down,Leighton City,Westwyvern,1,Leighton City,True,0.0
R038,Stepford Connect,down,Leighton City,Westwyvern,2,Edgemead,True,2.0
R038,Stepford Connect,down,Leighton City,Westwyvern,3,Faymere,True,4.0
R038,Stepford Connect,down,Leighton City,Westwyvern,4,Westercoast,True,7.0
R038,Stepford Connect,down,Leighton City,Westwyvern,5,Millcastle Racecourse,True,9.0
R038,Stepford Connect,down,Leighton City,Westwyvern,6,Millcastle,True,10.0
R038,Stepford Connect,down,Leighton City,Westwyvern,7,Westwyvern,True,14.0
R038,Stepford Connect,up,Leighton City,Westwyvern,1,Westwyvern,True,0.0
R038,Stepford Connect,up,Leighton City,Westwyvern,2,Millcastle,True,2.0
R038,Stepford Connect,up,Leighton City,Westwyvern,3,Millcastle Racecourse,True,3.0
R038,Stepford Connect,up,Leighton City,Westwyvern,4,Westercoast,True,5.0
R038,Stepford Connect,up,Leighton City,Westwyvern,5,Faymere,True,7.0
R038,Stepford Connect,up,Leighton City,Westwyvern,6,Edgemead,True,9.0
R038,Stepford Connect,up,Leighton City,Westwyvern,7,Leighton City,True,12.0
R043,Stepford Connect,down,Leighton West,Leighton City,1,Leighton West,True,0.0
R043,Stepford Connect,down,Leighton West,Leighton City,2,Leighton City,True,2.0
R043,Stepford Connect,up,Leighton West,Leighton City,1,Leighton City,True,0.0
R043,Stepford Connect,up,Leighton West,Leighton City,2,Leighton West,True,3.0
R047,Metro,down,St Helens Bridge,Port Benton,1,St Helens Bridge,True,0.0
R047,Metro,down,St Helens Bridge,Port Benton,2,Angel Pass,True,2.0
R047,Metro,down,St Helens Bridge,Port Benton,3,Bodin,True,3.0
R047,Metro,down,St Helens Bridge,Port Benton,4,Coxly,True,5.0
R047,Metro,down,St Helens Bridge,Port Benton,5,Benton,True,7.0
R047,Metro,down,St Helens Bridge,Port Benton,6,Port Benton,True,9.0
R047,Metro,up,Port Benton,St Helens Bridge,1,Port Benton,True,0.0
R047,Metro,up,Port Benton,St Helens Bridge,2,Benton,True,2.0
R047,Metro,up,Port Benton,St Helens Bridge,3,Coxly,True,4.0
R047,Metro,up,Port Benton,St Helens Bridge,4,Bodin,True,6.0
R047,Metro,up,Port Benton,St Helens Bridge,5,Angel Pass,True,7.0
R047,Metro,up,Port Benton,St Helens Bridge,6,St Helens Bridge,True,9.0
R048,Stepford Connect,down,St Helens Bridge,Airport Terminal 2,1,St Helens Bridge,True,0.0
R048,Stepford Connect,down,St Helens Bridge,Airport Terminal 2,2,Bodin,True,3.0
R048,Stepford Connect,down,St Helens Bridge,Airport Terminal 2,3,Coxly,True,6.0
R048,Stepford Connect,down,St Helens Bridge,Airport Terminal 2,4,Benton,True,8.0
R048,Stepford Connect,down,St Helens Bridge,Airport Terminal 2,5,Benton Bridge,True,10.0
R048,Stepford Connect,down,St Helens Bridge,Airport Terminal 2,6,Stepford Airport Parkway,True,12.0
R048,Stepford Connect,down,St Helens Bridge,Airport Terminal 2,7,Stepford Airport Central,True,14.0
R048,Stepford Connect,down,St Helens Bridge,Airport Terminal 2,8,Airport Terminal 2,True,16.0
R048,Stepford Connect,up,St Helens Bridge,Airport Terminal 2,1,Airport Terminal 2,True,0.0
R048,Stepford Connect,up,St Helens Bridge,Airport Terminal 2,2,Stepford Airport Central,True,2.0
R048,Stepford Connect,up,St Helens Bridge,Airport Terminal 2,3,Stepford Airport Parkway,True,4.0
R048,Stepford Connect,up,St Helens Bridge,Airport Terminal 2,4,Benton Bridge,True,5.0
R048,Stepford Connect,up,St Helens Bridge,Airport Terminal 2,5,Benton,True,8.0
R048,Stepford Connect,up,St Helens Bridge,Airport Terminal 2,6,Coxly,True,10.0
R048,Stepford Connect,up,St Helens Bridge,Airport Terminal 2,7,Bodin,True,13.0
R048,Stepford Connect,up,St Helens Bridge,Airport Terminal 2,8,St Helens Bridge,True,16.0
R049,Stepford Connect,down,Rayleigh Bay,Edgemead,1,Rayleigh Bay,True,0.0
R049,Stepford Connect,down,Rayleigh Bay,Edgemead,2,Carnalea Bridge,True,2.0
R049,Stepford Connect,down,Rayleigh Bay,Edgemead,3,Aslockby,True,3.0
R049,Stepford Connect,down,Rayleigh Bay,Edgemead,4,Edgemead,True,4.0
R049,Stepford Connect,up,Rayleigh Bay,Edgemead,1,Edgemead,True,0.0
R049,Stepford Connect,up,Rayleigh Bay,Edgemead,2,Aslockby,True,1.0
R049,Stepford Connect,up,Rayleigh Bay,Edgemead,3,Carnalea Bridge,True,2.0
R049,Stepford Connect,up,Rayleigh Bay,Edgemead,4,Rayleigh Bay,True,4.0
R050,Stepford Connect,down,Rayleigh Bay,Llyn-by-the-Sea,1,Rayleigh Bay,True,0.0
R050,Stepford Connect,down,Rayleigh Bay,Llyn-by-the-Sea,2,Carnalea Bridge,True,2.0
R050,Stepford Connect,down,Rayleigh Bay,Llyn-by-the-Sea,3,Aslockby,True,3.0
R050,Stepford Connect,down,Rayleigh Bay,Llyn-by-the-Sea,4,Edgemead,True,4.0
R050,Stepford Connect,down,Rayleigh Bay,Llyn-by-the-Sea,5,Faymere,True,6.0
R050,Stepford Connect,down,Rayleigh Bay,Llyn-by-the-Sea,6,Westercoast,True,8.0
R050,Stepford Connect,down,Rayleigh Bay,Llyn-by-the-Sea,7,Millcastle Racecourse,True,10.0
R050,Stepford Connect,down,Rayleigh Bay,Llyn-by-the-Sea,8,Millcastle,True,12.0
R050,Stepford Connect,down,Rayleigh Bay,Llyn-by-the-Sea,9,Westwyvern,True,14.0
R050,Stepford Connect,down,Rayleigh Bay,Llyn-by-the-Sea,10,Starryloch,True,16.0
R050,Stepford Connect,down,Rayleigh Bay,Llyn-by-the-Sea,11,Northshore,True,17.0
R050,Stepford Connect,down,Rayleigh Bay,Llyn-by-the-Sea,12,Llyn-by-the-Sea,True,20.0
R050,Stepford Connect,up,Rayleigh Bay,Llyn-by-the-Sea,1,Llyn-by-the-Sea,True,0.0
R050,Stepford Connect,up,Rayleigh Bay,Llyn-by-the-Sea,2,Northshore,True,3.0
R050,Stepford Connect,up,Rayleigh Bay,Llyn-by-the-Sea,3,Starryloch,True,4.0
R050,Stepford Connect,up,Rayleigh Bay,Llyn-by-the-Sea,4,Westwyvern,True,6.0
R050,Stepford Connect,up,Rayleigh Bay,Llyn-by-the-Sea,5,Millcastle,True,8.0
R050,Stepford Connect,up,Rayleigh Bay,Llyn-by-the-Sea,6,Millcastle Racecourse,True,10.0
R050,Stepford Connect,up,Rayleigh Bay,Llyn-by-the-Sea,7,Westercoast,True,12.0
R050,Stepford Connect,up,Rayleigh Bay,Llyn-by-the-Sea,8,Faymere,True,14.0
R050,Stepford Connect,up,Rayleigh Bay,Llyn-by-the-Sea,9,Edgemead,True,16.0
R050,Stepford Connect,up,Rayleigh Bay,Llyn-by-the-Sea,10,Aslockby,True,17.0
R050,Stepford Connect,up,Rayleigh Bay,Llyn-by-the-Sea,11,Carnalea Bridge,True,18.0
R050,Stepford Connect,up,Rayleigh Bay,Llyn-by-the-Sea,12,Rayleigh Bay,True,20.0
R052,AirLink,down,Stepford Central,Airport Terminal 2,1,Stepford Central,True,
R052,AirLink,down,Stepford Central,Airport Terminal 2,2,Stepford Airport Central,True,
R052,AirLink,down,Stepford Central,Airport Terminal 2,3,Airport Terminal 1,True,
R052,AirLink,down,Stepford Central,Airport Terminal 2,4,Airport Terminal 2,True,
R052,AirLink,up,,,1,Airport Terminal 2,True,0.0
R052,AirLink,up,,,2,Airport Terminal 1,False,
R052,AirLink,up,,,3,Stepford Airport Central,True,2.0
R052,AirLink,up,,,4,Stepford Central,True,10.0
R053,AirLink,down,Stepford Central,Airport Terminal 2,1,Stepford Central,True,
R053,AirLink,down,Stepford Central,Airport Terminal 2,2,Stepford East,True,
R053,AirLink,down,Stepford Central,Airport Terminal 2,3,Elsemere Junction,True,
R053,AirLink,down,Stepford Central,Airport Terminal 2,4,Morganstown,True,
R053,AirLink,down,Stepford Central,Airport Terminal 2,5,Stepford Airport Central,True,
R053,AirLink,down,Stepford Central,Airport Terminal 2,6,Airport Terminal 1,True,
R053,AirLink,down,Stepford Central,Airport Terminal 2,7,Airport Terminal 2,True,
R053,AirLink,up,,,1,Airport Terminal 2,True,0.0
R053,AirLink,up,,,2,Airport Terminal 1,False,
R053,AirLink,up,,,3,Stepford Airport Central,True,2.0
R053,AirLink,up,,,4,Morganstown,True,5.0
R053,AirLink,up,,,5,Elsemere Junction,True,8.0
R053,AirLink,up,,,6,Stepford East,True,11.0
R053,AirLink,up,,,7,Stepford Central,True,13.0
R054,AirLink,down,Stepford Central,Stepford Airport Central,1,Stepford Central,True,
R054,AirLink,down,Stepford Central,Stepford Airport Central,2,St Helens Bridge,True,
R054,AirLink,down,Stepford Central,Stepford Airport Central,3,Berrily,True,
R054,AirLink,down,Stepford Central,Stepford Airport Central,4,Stepford Airport Parkway,True,
R054,AirLink,down,Stepford Central,Stepford Airport Central,5,Stepford Airport Central,True,
R054,AirLink,up,,,1,Stepford Airport Central,True,0.0
R054,AirLink,up,,,2,Stepford Airport Parkway,True,2.0
R054,AirLink,up,,,3,Berrily,False,
R054,AirLink,up,,,4,St Helens Bridge,True,6.0
R054,AirLink,up,,,5,Stepford Central,True,10.0
R055,AirLink,down,Stepford Central,Airport Terminal 3,1,Stepford Central,True,
R055,AirLink,down,Stepford Central,Airport Terminal 3,2,Stepford East,True,
R055,AirLink,down,Stepford Central,Airport Terminal 3,3,Stepford Airport Parkway,True,
R055,AirLink,down,Stepford Central,Airport Terminal 3,4,Stepford Airport Central,True,
R055,AirLink,down,Stepford Central,Airport Terminal 3,5,Airport Terminal 2,True,
R055,AirLink,down,Stepford Central,Airport Terminal 3,6,Airport Terminal 3,True,
R055,AirLink,up,Airport Terminal 3,Stepford Central,1,Airport Terminal 3,True,
R055,AirLink,up,Airport Terminal 3,Stepford Central,2,Airport Terminal 2,True,
R055,AirLink,up,Airport Terminal 3,Stepford Central,3,Stepford Airport Central,True,
R055,AirLink,up,Airport Terminal 3,Stepford Central,4,Stepford Airport Parkway,True,
R055,AirLink,up,Airport Terminal 3,Stepford Central,5,Stepford East,True,
R055,AirLink,up,Airport Terminal 3,Stepford Central,6,Stepford Central,True,
R056,AirLink,down,Stepford Airport Central,Leighton Stepford Road,1,Stepford Airport Central,True,
R056,AirLink,down,Stepford Airport Central,Leighton Stepford Road,2,Stepford Airport Parkway,True,
R056,AirLink,down,Stepford Airport Central,Leighton Stepford Road,3,Leighton Stepford Road,True,
R056,AirLink,up,Leighton Stepford Road,Stepford Airport Central,1,Leighton Stepford Road,True,
R056,AirLink,up,Leighton Stepford Road,Stepford Airport Central,2,Stepford Airport Parkway,True,
R056,AirLink,up,Leighton Stepford Road,Stepford Airport Central,3,Stepford Airport Central,True,
R057,AirLink,down,Airport Terminal 3,Leighton Stepford Road,1,Airport Terminal 3,True,
R057,AirLink,down,Airport Terminal 3,Leighton Stepford Road,2,Airport Terminal 2,True,
R057,AirLink,down,Airport Terminal 3,Leighton Stepford Road,3,Stepford Airport Central,True,
R057,AirLink,down,Airport Terminal 3,Leighton Stepford Road,4,Water Newton,True,
R057,AirLink,down,Airport Terminal 3,Leighton Stepford Road,5,Leighton Stepford Road,True,
R057,AirLink,up,Leighton Stepford Road,Airport Terminal 3,1,Leighton Stepford Road,True,
R057,AirLink,up,Leighton Stepford Road,Airport Terminal 3,2,Water Newton,True,
R057,AirLink,up,Leighton Stepford Road,Airport Terminal 3,3,Stepford Airport Central,True,
R057,AirLink,up,Leighton Stepford Road,Airport Terminal 3,4,Airport Terminal 2,True,
R057,AirLink,up,Leighton Stepford Road,Airport Terminal 3,5,Airport Terminal 3,True,
R058,AirLink,down,,,1,Stepford Central,True,0.0
R058,AirLink,down,,,2,St Helens Bridge,True,2.0
R058,AirLink,down,,,3,Morganstown,True,6.0
R058,AirLink,down,,,4,Stepford Airport Central,True,9.0
R058,AirLink,down,,,5,Airport Terminal 1,True,10.0
R058,AirLink,down,,,6,Airport Terminal 2,False,
R058,AirLink,down,,,7,Airport Terminal 3,True,12.0
R058,AirLink,up,,,1,Airport Terminal 3,True,0.0
R058,AirLink,up,,,2,Airport Terminal 2,True,3.0
R058,AirLink,up,,,3,Airport Terminal 1,False,
R058,AirLink,up,,,4,Stepford Airport Central,True,5.0
R058,AirLink,up,,,5,Morganstown,True,8.0
R058,AirLink,up,,,6,St Helens Bridge,True,12.0
R058,AirLink,up,,,7,Stepford Central,True,15.0
R075,Stepford Express,down,Stepford Central,Benton,1,Stepford Central,True,0.0
R075,Stepford Express,down,Stepford Central,Benton,2,Benton,True,5.0
R075,Stepford Express,up,Benton,Stepford Central,1,Benton,True,0.0
R075,Stepford Express,up,Benton,Stepford Central,2,Stepford Central,True,5.0
R076,Stepford Express,DOWN,Stepford Central,,1,,True,
R076,Stepford Express,UP,Leighton City,,1,,True,
R077,Stepford Express,down,Stepford Central,Llyn-by-the-Sea,1,Stepford Central,True,0.0
R077,Stepford Express,down,Stepford Central,Llyn-by-the-Sea,2,St Helens Bridge,True,2.0
R077,Stepford Express,down,Stepford Central,Llyn-by-the-Sea,3,Benton,True,5.0
R077,Stepford Express,down,Stepford Central,Llyn-by-the-Sea,4,Leighton Stepford Road,True,10.0
R077,Stepford Express,down,Stepford Central,Llyn-by-the-Sea,5,Leighton City,True,12.0
R077,Stepford Express,down,Stepford Central,Llyn-by-the-Sea,6,Edgemead,True,14.0
R077,Stepford Express,down,Stepford Central,Llyn-by-the-Sea,7,Westwyvern,True,18.0
R077,Stepford Express,down,Stepford Central,Llyn-by-the-Sea,8,Northshore,True,20.0
R077,Stepford Express,down,Stepford Central,Llyn-by-the-Sea,9,Llyn-by-the-Sea,True,22.0
R077,Stepford Express,up,Llyn-by-the-Sea,Stepford Central,1,Llyn-by-the-Sea,True,0.0
R077,Stepford Express,up,Llyn-by-the-Sea,Stepford Central,2,Northshore,True,3.0
R077,Stepford Express,up,Llyn-by-the-Sea,Stepford Central,3,Westwyvern,True,5.0
R077,Stepford Express,up,Llyn-by-the-Sea,Stepford Central,4,Edgemead,True,9.0
R077,Stepford Express,up,Llyn-by-the-Sea,Stepford Central,5,Leighton City,True,11.0
R077,Stepford Express,up,Llyn-by-the-Sea,Stepford Central,6,Leighton Stepford Road,True,13.0
R077,Stepford Express,up,Llyn-by-the-Sea,Stepford Central,7,Benton,True,18.0
R077,Stepford Express,up,Llyn-by-the-Sea,Stepford Central,8,St Helens Bridge,True,21.0
R077,Stepford Express,up,Llyn-by-the-Sea,Stepford Central,9,Stepford Central,True,24.0
R078,Stepford Express,down,Stepford Central,Llyn-by-the-Sea,1,Stepford Central,True,0.0
R078,Stepford Express,down,Stepford Central,Llyn-by-the-Sea,2,Benton,True,5.0
R078,Stepford Express,down,Stepford Central,Llyn-by-the-Sea,3,Leighton Stepford Road,True,10.0
R078,Stepford Express,down,Stepford Central,Llyn-by-the-Sea,4,Leighton City,True,12.0
R078,Stepford Express,down,Stepford Central,Llyn-by-the-Sea,5,Westwyvern,True,16.0
R078,Stepford Express,down,Stepford Central,Llyn-by-the-Sea,6,Llyn-by-the-Sea,True,21.0
R078,Stepford Express,up,Llyn-by-the-Sea,Stepford Central,1,Llyn-by-the-Sea,True,0.0
R078,Stepford Express,up,Llyn-by-the-Sea,Stepford Central,2,Westwyvern,True,5.0
R078,Stepford Express,up,Llyn-by-the-Sea,Stepford Central,3,Leighton City,True,9.0
R078,Stepford Express,up,Llyn-by-the-Sea,Stepford Central,4,Leighton Stepford Road,True,11.0
R078,Stepford Express,up,Llyn-by-the-Sea,Stepford Central,5,Benton,True,16.0
R078,Stepford Express,up,Llyn-by-the-Sea,Stepford Central,6,Stepford Central,True,21.0
R079,Stepford Express,DOWN,Stepford Central,,1,,True,
R079,Stepford Express,UP,Benton,,1,,True,
R080,Stepford Express,DOWN,Stepford Central,,1,,True,
R080,Stepford Express,UP,Llyn-by-the-Sea,,1,,True,
R081,Stepford Express,down,Stepford Central,Llyn-by-the-Sea,1,Stepford Central,True,
R081,Stepford Express,down,Stepford Central,Llyn-by-the-Sea,2,Leighton City,True,
R081,Stepford Express,down,Stepford Central,Llyn-by-the-Sea,3,Llyn-by-the-Sea,True,
R081,Stepford Express,up,Llyn-by-the-Sea,Stepford Central,1,Llyn-by-the-Sea,True,
R081,Stepford Express,up,Llyn-by-the-Sea,Stepford Central,2,Leighton City,True,
R081,Stepford Express,up,Llyn-by-the-Sea,Stepford Central,3,Stepford Central,True,
R082,Stepford Express,down,Stepford Central,Westwyvern,1,Stepford Central,True,0.0
R082,Stepford Express,down,Stepford Central,Westwyvern,2,Elsemere Junction,True,4.0
R082,Stepford Express,down,Stepford Central,Westwyvern,3,Morganstown,True,7.0
R082,Stepford Express,down,Stepford Central,Westwyvern,4,Leighton Stepford Road,True,11.0
R082,Stepford Express,down,Stepford Central,Westwyvern,5,Leighton City,True,13.0
R082,Stepford Express,down,Stepford Central,Westwyvern,6,Edgemead,True,15.0
R082,Stepford Express,down,Stepford Central,Westwyvern,7,Westwyvern,True,18.0
R082,Stepford Express,up,Westwyvern,Stepford Central,1,Westwyvern,True,0.0
R082,Stepford Express,up,Westwyvern,Stepford Central,2,Edgemead,True,3.0
R082,Stepford Express,up,Westwyvern,Stepford Central,3,Leighton City,True,5.0
R082,Stepford Express,up,Westwyvern,Stepford Central,4,Leighton Stepford Road,True,7.0
R082,Stepford Express,up,Westwyvern,Stepford Central,5,Morganstown,True,11.0
R082,Stepford Express,up,Westwyvern,Stepford Central,6,Elsemere Junction,True,14.0
R082,Stepford Express,up,Westwyvern,Stepford Central,7,Stepford Central,True,18.0
R083,Stepford Express,down,Newry,Llyn-by-the-Sea,1,Newry,True,0.0
R083,Stepford Express,down,Newry,Llyn-by-the-Sea,2,Benton,True,4.0
R083,Stepford Express,down,Newry,Llyn-by-the-Sea,3,Morganstown,True,7.0
R083,Stepford Express,down,Newry,Llyn-by-the-Sea,4,Leighton Stepford Road,True,11.0
R083,Stepford Express,down,Newry,Llyn-by-the-Sea,5,Leighton City,True,13.0
R083,Stepford Express,down,Newry,Llyn-by-the-Sea,6,Westercoast,True,16.0
R083,Stepford Express,down,Newry,Llyn-by-the-Sea,7,Northshore,True,20.0
R083,Stepford Express,down,Newry,Llyn-by-the-Sea,8,Llyn-by-the-Sea,True,23.0
R083,Stepford Express,up,Llyn-by-the-Sea,Newry,1,Llyn-by-the-Sea,True,0.0
R083,Stepford Express,up,Llyn-by-the-Sea,Newry,2,Northshore,True,3.0
R083,Stepford Express,up,Llyn-by-the-Sea,Newry,3,Westercoast,True,7.0
R083,Stepford Express,up,Llyn-by-the-Sea,Newry,4,Leighton City,True,10.0
R083,Stepford Express,up,Llyn-by-the-Sea,Newry,5,Leighton Stepford Road,True,12.0
R083,Stepford Express,up,Llyn-by-the-Sea,Newry,6,Morganstown,True,16.0
R083,Stepford Express,up,Llyn-by-the-Sea,Newry,7,Benton,True,19.0
R083,Stepford Express,up,Llyn-by-the-Sea,Newry,8,Newry,True,23.0
R084,Stepford Express,down,Newry Harbour,Llyn-by-the-Sea,1,Newry Harbour,True,0.0
R084,Stepford Express,down,Newry Harbour,Llyn-by-the-Sea,2,Newry,True,2.0
R084,Stepford Express,down,Newry Harbour,Llyn-by-the-Sea,3,Benton,True,7.0
R084,Stepford Express,down,Newry Harbour,Llyn-by-the-Sea,4,Leighton Stepford Road,True,15.0
R084,Stepford Express,down,Newry Harbour,Llyn-by-the-Sea,5,Leighton City,True,17.0
R084,Stepford Express,down,Newry Harbour,Llyn-by-the-Sea,6,Westwyvern,True,21.0
R084,Stepford Express,down,Newry Harbour,Llyn-by-the-Sea,7,Llyn-by-the-Sea,True,26.0
R084,Stepford Express,up,Llyn-by-the-Sea,Newry Harbour,1,Llyn-by-the-Sea,True,0.0
R084,Stepford Express,up,Llyn-by-the-Sea,Newry Harbour,2,Westwyvern,True,26.0
R084,Stepford Express,up,Llyn-by-the-Sea,Newry Harbour,3,Leighton City,True,21.0
R084,Stepford Express,up,Llyn-by-the-Sea,Newry Harbour,4,Leighton Stepford Road,True,17.0
R084,Stepford Express,up,Llyn-by-the-Sea,Newry Harbour,5,Benton,True,15.0
R084,Stepford Express,up,Llyn-by-the-Sea,Newry Harbour,6,Newry,True,7.0
R084,Stepford Express,up,Llyn-by-the-Sea,Newry Harbour,7,Newry Harbour,True,2.0
R085,Stepford Express,DOWN,Benton,,1,,True,
R085,Stepford Express,UP,Llyn-by-the-Sea,,1,,True,
R086,Stepford Express,down,Newry,Leighton City,1,Newry,True,0.0
R086,Stepford Express,down,Newry,Leighton City,2,Eden Quay,True,2.0
R086,Stepford Express,down,Newry,Leighton City,3,Benton,True,5.0
R086,Stepford Express,down,Newry,Leighton City,4,Leighton Stepford Road,True,11.0
R086,Stepford Express,down,Newry,Leighton City,5,Leighton City,True,13.0
R086,Stepford Express,up,Leighton City,Newry,1,Leighton City,True,0.0
R086,Stepford Express,up,Leighton City,Newry,2,Leighton Stepford Road,True,13.0
R086,Stepford Express,up,Leighton City,Newry,3,Benton,True,11.0
R086,Stepford Express,up,Leighton City,Newry,4,Eden Quay,True,5.0
R086,Stepford Express,up,Leighton City,Newry,5,Newry,True,2.0
R087,Stepford Express,down,Rayleigh Bay,Llyn-by-the-Sea,1,Rayleigh Bay,True,0.0
R087,Stepford Express,down,Rayleigh Bay,Llyn-by-the-Sea,2,Edgemead,True,5.0
R087,Stepford Express,down,Rayleigh Bay,Llyn-by-the-Sea,3,Westwyvern,True,10.0
R087,Stepford Express,down,Rayleigh Bay,Llyn-by-the-Sea,4,Northshore,True,13.0
R087,Stepford Express,down,Rayleigh Bay,Llyn-by-the-Sea,5,Llyn-by-the-Sea,True,16.0
R087,Stepford Express,up,Llyn-by-the-Sea,Rayleigh Bay,1,Llyn-by-the-Sea,True,0.0
R087,Stepford Express,up,Llyn-by-the-Sea,Rayleigh Bay,2,Northshore,True,15.0
R087,Stepford Express,up,Llyn-by-the-Sea,Rayleigh Bay,3,Westwyvern,True,12.0
R087,Stepford Express,up,Llyn-by-the-Sea,Rayleigh Bay,4,Edgemead,True,9.0
R087,Stepford Express,up,Llyn-by-the-Sea,Rayleigh Bay,5,Rayleigh Bay,True,4.0
R088,Stepford Express,DOWN,Stepford Central,,1,,True,
R088,Stepford Express,UP,Llyn-by-the-Sea,,1,,True,
R100,Stepford Connect,down,Rayleigh Bay,Leighton West,1,Rayleigh Bay,True,0.0
R100,Stepford Connect,down,Rayleigh Bay,Leighton West,2,Carnalea Bridge,True,2.0
R100,Stepford Connect,down,Rayleigh Bay,Leighton West,3,Aslockby,True,3.0
R100,Stepford Connect,down,Rayleigh Bay,Leighton West,4,Edgemead,True,4.0
R100,Stepford Connect,down,Rayleigh Bay,Leighton West,5,Leighton West,True,6.0
R100,Stepford Connect,up,Rayleigh Bay,Leighton West,1,Leighton West,True,0.0
R100,Stepford Connect,up,Rayleigh Bay,Leighton West,2,Edgemead,True,2.0
R100,Stepford Connect,up,Rayleigh Bay,Leighton West,3,Aslockby,True,3.0
R100,Stepford Connect,up,Rayleigh Bay,Leighton West,4,Carnalea Bridge,True,4.0
R100,Stepford Connect,up,Rayleigh Bay,Leighton West,5,Rayleigh Bay,True,6.0
R102,Stepford Connect,down,Rayleigh Bay,Westwyvern,1,Rayleigh Bay,True,0.0
R102,Stepford Connect,down,Rayleigh Bay,Westwyvern,2,Carnalea Bridge,True,2.0
R102,Stepford Connect,down,Rayleigh Bay,Westwyvern,3,Aslockby,True,4.0
R102,Stepford Connect,down,Rayleigh Bay,Westwyvern,4,Edgemead,True,6.0
R102,Stepford Connect,down,Rayleigh Bay,Westwyvern,5,Faymere,True,8.0
R102,Stepford Connect,down,Rayleigh Bay,Westwyvern,6,Westercoast,True,10.0
R102,Stepford Connect,down,Rayleigh Bay,Westwyvern,7,Millcastle Racecourse,True,12.0
R102,Stepford Connect,down,Rayleigh Bay,Westwyvern,8,Millcastle,True,14.0
R102,Stepford Connect,down,Rayleigh Bay,Westwyvern,9,Westwyvern,True,18.0
R102,Stepford Connect,up,Rayleigh Bay,Westwyvern,1,Westwyvern,True,0.0
R102,Stepford Connect,up,Rayleigh Bay,Westwyvern,2,Millcastle,True,4.0
R102,Stepford Connect,up,Rayleigh Bay,Westwyvern,3,Millcastle Racecourse,True,6.0
R102,Stepford Connect,up,Rayleigh Bay,Westwyvern,4,Westercoast,True,8.0
R102,Stepford Connect,up,Rayleigh Bay,Westwyvern,5,Faymere,True,10.0
R102,Stepford Connect,up,Rayleigh Bay,Westwyvern,6,Edgemead,True,12.0
R102,Stepford Connect,up,Rayleigh Bay,Westwyvern,7,Aslockby,True,13.0
R102,Stepford Connect,up,Rayleigh Bay,Westwyvern,8,Carnalea Bridge,True,15.0
R102,Stepford Connect,up,Rayleigh Bay,Westwyvern,9,Rayleigh Bay,True,17.0
R103,Stepford Connect,down,Willowfield,Whitefield,1,Willowfield,True,0.0
R103,Stepford Connect,down,Willowfield,Whitefield,2,Beechley,True,3.0
R103,Stepford Connect,down,Willowfield,Whitefield,3,Stepford Central,True,4.0
R103,Stepford Connect,down,Willowfield,Whitefield,4,Stepford East,True,6.0
R103,Stepford Connect,down,Willowfield,Whitefield,5,Stepford United Football Club,True,9.0
R103,Stepford Connect,down,Willowfield,Whitefield,6,Woodhead Lane,True,10.0
R103,Stepford Connect,down,Willowfield,Whitefield,7,Houghton Rake,True,11.0
R103,Stepford Connect,down,Willowfield,Whitefield,8,Whitefield,True,13.0
R103,Stepford Connect,up,Willowfield,Whitefield,1,Whitefield,True,0.0
R103,Stepford Connect,up,Willowfield,Whitefield,2,Houghton Rake,True,2.0
R103,Stepford Connect,up,Willowfield,Whitefield,3,Woodhead Lane,True,3.0
R103,Stepford Connect,up,Willowfield,Whitefield,4,Stepford United Football Club,True,4.0
R103,Stepford Connect,up,Willowfield,Whitefield,5,Stepford East,True,7.0
R103,Stepford Connect,up,Willowfield,Whitefield,6,Stepford Central,True,9.0
R103,Stepford Connect,up,Willowfield,Whitefield,7,Beechley,True,10.0
R103,Stepford Connect,up,Willowfield,Whitefield,8,Willowfield,True,13.0
R120,Waterline,down,Newry Harbour,Morganstown,1,Newry Harbour,True,0.0
R120,Waterline,down,Newry Harbour,Morganstown,2,Newry,True,2.0
R120,Waterline,down,Newry Harbour,Morganstown,3,Eden Quay,True,4.0
R120,Waterline,down,Newry Harbour,Morganstown,4,Faraday Road,True,6.0
R120,Waterline,down,Newry Harbour,Morganstown,5,West Benton,True,7.0
R120,Waterline,down,Newry Harbour,Morganstown,6,Benton,True,8.0
R120,Waterline,down,Newry Harbour,Morganstown,7,Port Benton,True,9.0
R120,Waterline,down,Newry Harbour,Morganstown,8,Morganstown Docks,True,10.0
R120,Waterline,down,Newry Harbour,Morganstown,9,Morganstown,True,12.0
R120,Waterline,up,Morganstown,Newry Harbour,1,Morganstown,True,0.0
R120,Waterline,up,Morganstown,Newry Harbour,2,Morganstown Docks,True,2.0
R120,Waterline,up,Morganstown,Newry Harbour,3,Port Benton,True,3.0
R120,Waterline,up,Morganstown,Newry Harbour,4,Benton,True,4.0
R120,Waterline,up,Morganstown,Newry Harbour,5,West Benton,True,5.0
R120,Waterline,up,Morganstown,Newry Harbour,6,Faraday Road,True,6.0
R120,Waterline,up,Morganstown,Newry Harbour,7,Eden Quay,True,8.0
R120,Waterline,up,Morganstown,Newry Harbour,8,Newry,True,10.0
R120,Waterline,up,Morganstown,Newry Harbour,9,Newry Harbour,True,12.0
R130,Metro,down,Stepford Central,Morganstown,1,Stepford Central,True,0.0
R130,Metro,down,Stepford Central,Morganstown,2,Four Ways,True,1.0
R130,Metro,down,Stepford Central,Morganstown,3,Stepford East,True,3.0
R130,Metro,down,Stepford Central,Morganstown,4,Stepford High Street,True,4.0
R130,Metro,down,Stepford Central,Morganstown,5,St Helens Bridge,True,6.0
R130,Metro,down,Stepford Central,Morganstown,6,New Harrow,True,8.0
R130,Metro,down,Stepford Central,Morganstown,7,Elsemere Pond,True,9.0
R130,Metro,down,Stepford Central,Morganstown,8,Elsemere Junction,True,10.0
R130,Metro,down,Stepford Central,Morganstown,9,Berrily,True,12.0
R130,Metro,down,Stepford Central,Morganstown,10,East Berrily,True,13.0
R130,Metro,down,Stepford Central,Morganstown,11,Beaulieu Park,True,14.0
R130,Metro,down,Stepford Central,Morganstown,12,Morganstown,True,16.0
R130,Metro,up,Morganstown,Stepford Central,1,Morganstown,True,0.0
R130,Metro,up,Morganstown,Stepford Central,2,Beaulieu Park,True,2.0
R130,Metro,up,Morganstown,Stepford Central,3,East Berrily,True,3.0
R130,Metro,up,Morganstown,Stepford Central,4,Berrily,True,5.0
R130,Metro,up,Morganstown,Stepford Central,5,Elsemere Junction,True,7.0
R130,Metro,up,Morganstown,Stepford Central,6,Elsemere Pond,True,8.0
R130,Metro,up,Morganstown,Stepford Central,7,New Harrow,True,9.0
R130,Metro,up,Morganstown,Stepford Central,8,St Helens Bridge,True,11.0
R130,Metro,up,Morganstown,Stepford Central,9,Stepford High Street,True,12.0
R130,Metro,up,Morganstown,Stepford Central,10,Stepford East,True,14.0
R130,Metro,up,Morganstown,Stepford Central,11,Four Ways,True,15.0
R130,Metro,up,Morganstown,Stepford Central,12,Stepford Central,True,16.0
R131,Metro,down,St Helens Bridge,Morganstown,1,St Helens Bridge,True,0.0
R131,Metro,down,St Helens Bridge,Morganstown,2,New Harrow,True,2.0
R131,Metro,down,St Helens Bridge,Morganstown,3,Elsemere Pond,True,3.0
R131,Metro,down,St Helens Bridge,Morganstown,4,Elsemere Junction,True,4.0
R131,Metro,down,St Helens Bridge,Morganstown,5,Berrily,True,6.0
R131,Metro,down,St Helens Bridge,Morganstown,6,East Berrily,True,7.0
R131,Metro,down,St Helens Bridge,Morganstown,7,Beaulieu Park,True,8.0
R131,Metro,down,St Helens Bridge,Morganstown,8,Morganstown,True,10.0
R131,Metro,up,Morganstown,St Helens Bridge,1,Morganstown,True,0.0
R131,Metro,up,Morganstown,St Helens Bridge,2,Beaulieu Park,True,2.0
R131,Metro,up,Morganstown,St Helens Bridge,3,East Berrily,True,3.0
R131,Metro,up,Morganstown,St Helens Bridge,4,Berrily,True,5.0
R131,Metro,up,Morganstown,St Helens Bridge,5,Elsemere Junction,True,7.0
R131,Metro,up,Morganstown,St Helens Bridge,6,Elsemere Pond,True,8.0
R131,Metro,up,Morganstown,St Helens Bridge,7,New Harrow,True,9.0
R131,Metro,up,Morganstown,St Helens Bridge,8,St Helens Bridge,True,11.0
R132,Metro,down,Stepford Central,Barton,1,Stepford Central,True,0.0
R132,Metro,down,Stepford Central,Barton,2,Four Ways,True,1.0
R132,Metro,down,Stepford Central,Barton,3,Stepford East,True,3.0
R132,Metro,down,Stepford Central,Barton,4,Stepford High Street,True,4.0
R132,Metro,down,Stepford Central,Barton,5,St Helens Bridge,True,6.0
R132,Metro,down,Stepford Central,Barton,6,Angel Pass,True,8.0
R132,Metro,down,Stepford Central,Barton,7,Bodin,True,9.0
R132,Metro,down,Stepford Central,Barton,8,Coxly Newtown,True,11.0
R132,Metro,down,Stepford Central,Barton,9,Barton,True,12.0
R132,Metro,up,Barton,Stepford Central,1,Barton,True,0.0
R132,Metro,up,Barton,Stepford Central,2,Elsemere Junction,True,2.0
R132,Metro,up,Barton,Stepford Central,3,Elsemere Pond,True,3.0
R132,Metro,up,Barton,Stepford Central,4,New Harrow,True,4.0
R132,Metro,up,Barton,Stepford Central,5,St Helens Bridge,True,6.0
R132,Metro,up,Barton,Stepford Central,6,Stepford High Street,True,7.0
R132,Metro,up,Barton,Stepford Central,7,Stepford East,True,9.0
R132,Metro,up,Barton,Stepford Central,8,Four Ways,True,10.0
R132,Metro,up,Barton,Stepford Central,9,Stepford Central,True,12.0
R133,Metro,down,Willowfield,Barton,1,Willowfield,True,0.0
R133,Metro,down,Willowfield,Barton,2,Hemdon Park,True,2.0
R133,Metro,down,Willowfield,Barton,3,Beechley,True,5.0
R133,Metro,down,Willowfield,Barton,4,City Hospital,True,7.0
R133,Metro,down,Willowfield,Barton,5,Stepford Central,True,9.0
R133,Metro,down,Willowfield,Barton,6,Four Ways,True,10.0
R133,Metro,down,Willowfield,Barton,7,Stepford East,True,12.0
R133,Metro,down,Willowfield,Barton,8,Stepford High Street,True,13.0
R133,Metro,down,Willowfield,Barton,9,St Helens Bridge,True,15.0
R133,Metro,down,Willowfield,Barton,10,Angel Pass,True,17.0
R133,Metro,down,Willowfield,Barton,11,Bodin,True,18.0
R133,Metro,down,Willowfield,Barton,12,Coxly Newtown,True,20.0
R133,Metro,down,Willowfield,Barton,13,Barton,True,21.0
R133,Metro,up,Barton,Willowfield,1,Barton,True,0.0
R133,Metro,up,Barton,Willowfield,2,Elsemere Junction,True,2.0
R133,Metro,up,Barton,Willowfield,3,Elsemere Pond,True,3.0
R133,Metro,up,Barton,Willowfield,4,New Harrow,True,4.0
R133,Metro,up,Barton,Willowfield,5,St Helens Bridge,True,6.0
R133,Metro,up,Barton,Willowfield,6,Stepford High Street,True,7.0
R133,Metro,up,Barton,Willowfield,7,Stepford East,True,9.0
R133,Metro,up,Barton,Willowfield,8,Four Ways,True,10.0
R133,Metro,up,Barton,Willowfield,9,Stepford Central,True,12.0
R133,Metro,up,Barton,Willowfield,10,City Hospital,True,14.0
R133,Metro,up,Barton,Willowfield,11,Beechley,True,16.0
R133,Metro,up,Barton,Willowfield,12,Hemdon Park,True,19.0
R133,Metro,up,Barton,Willowfield,13,Willowfield,True,21.0
R134,Metro,down,St Helens Bridge,Barton,1,St Helens Bridge,True,0.0
R134,Metro,down,St Helens Bridge,Barton,2,Angel Pass,True,2.0
R134,Metro,down,St Helens Bridge,Barton,3,Bodin,True,3.0
R134,Metro,down,St Helens Bridge,Barton,4,Coxly Newtown,True,5.0
R134,Metro,down,St Helens Bridge,Barton,5,Barton,True,6.0
R134,Metro,up,Barton,St Helens Bridge,1,Barton,True,0.0
R134,Metro,up,Barton,St Helens Bridge,2,Elsemere Junction,True,2.0
R134,Metro,up,Barton,St Helens Bridge,3,Elsemere Pond,True,3.0
R134,Metro,up,Barton,St Helens Bridge,4,New Harrow,True,4.0
R134,Metro,up,Barton,St Helens Bridge,5,St Helens Bridge,True,6.0
R135,Metro,down,Beechley,Barton,1,Beechley,True,0.0
R135,Metro,down,Beechley,Barton,2,City Hospital,True,2.0
R135,Metro,down,Beechley,Barton,3,Stepford Central,True,4.0
R135,Metro,down,Beechley,Barton,4,Four Ways,True,5.0
R135,Metro,down,Beechley,Barton,5,Stepford East,True,7.0
R135,Metro,down,Beechley,Barton,6,Stepford High Street,True,8.0
R135,Metro,down,Beechley,Barton,7,St Helens Bridge,True,10.0
R135,Metro,down,Beechley,Barton,8,Elsemere Pond,True,13.0
R135,Metro,down,Beechley,Barton,9,Elsemere Junction,True,14.0
R135,Metro,down,Beechley,Barton,10,Coxly Newtown,True,15.0
R135,Metro,down,Beechley,Barton,11,Barton,True,16.0
R135,Metro,up,Barton,Beechley,1,Barton,True,0.0
R135,Metro,up,Barton,Beechley,2,Coxly Newtown,True,1.0
R135,Metro,up,Barton,Beechley,3,Bodin,True,3.0
R135,Metro,up,Barton,Beechley,4,Angel Pass,True,4.0
R135,Metro,up,Barton,Beechley,5,St Helens Bridge,True,6.0
R135,Metro,up,Barton,Beechley,6,Stepford High Street,True,7.0
R135,Metro,up,Barton,Beechley,7,Stepford East,True,9.0
R135,Metro,up,Barton,Beechley,8,Four Ways,True,10.0
R135,Metro,up,Barton,Beechley,9,Stepford Central,True,12.0
R135,Metro,up,Barton,Beechley,10,City Hospital,True,14.0
R135,Metro,up,Barton,Beechley,11,Beechley,True,16.0
R136,Metro,down,Stepford Victoria,Barton,1,Stepford Victoria,True,0.0
R136,Metro,down,Stepford Victoria,Barton,2,Financial Quarter,True,2.0
R136,Metro,down,Stepford Victoria,Barton,3,City Hospital,True,4.0
R136,Metro,down,Stepford Victoria,Barton,4,Stepford Central,True,6.0
R136,Metro,down,Stepford Victoria,Barton,5,Four Ways,True,7.0
R136,Metro,down,Stepford Victoria,Barton,6,Stepford East,True,9.0
R136,Metro,down,Stepford Victoria,Barton,7,Stepford High Street,True,10.0
R136,Metro,down,Stepford Victoria,Barton,8,St Helens Bridge,True,12.0
R136,Metro,down,Stepford Victoria,Barton,9,Barton,True,18.0
R136,Metro,up,Barton,Stepford Victoria,1,Barton,True,0.0
R136,Metro,up,Barton,Stepford Victoria,2,Coxly Newtown,True,1.0
R136,Metro,up,Barton,Stepford Victoria,3,Bodin,True,3.0
R136,Metro,up,Barton,Stepford Victoria,4,Angel Pass,True,4.0
R136,Metro,up,Barton,Stepford Victoria,5,St Helens Bridge,True,6.0
R136,Metro,up,Barton,Stepford Victoria,6,Stepford High Street,True,7.0
R136,Metro,up,Barton,Stepford Victoria,7,Stepford East,True,9.0
R136,Metro,up,Barton,Stepford Victoria,8,Four Ways,True,10.0
R136,Metro,up,Barton,Stepford Victoria,9,Stepford Central,True,12.0
R136,Metro,up,Barton,Stepford Victoria,10,City Hospital,True,14.0
R136,Metro,up,Barton,Stepford Victoria,11,Financial Quarter,True,16.0
R136,Metro,up,Barton,Stepford Victoria,12,Stepford Victoria,True,19.0
R137,Metro,down,Stepford Central,Morganstown,1,Stepford Central,True,0.0
R137,Metro,down,Stepford Central,Morganstown,2,Stepford East,True,3.0
R137,Metro,down,Stepford Central,Morganstown,3,Stepford High Street,True,5.0
R137,Metro,down,Stepford Central,Morganstown,4,St Helens Bridge,True,7.0
R137,Metro,down,Stepford Central,Morganstown,5,Berrily,True,12.0
R137,Metro,down,Stepford Central,Morganstown,6,East Berrily,True,15.0
R137,Metro,down,Stepford Central,Morganstown,7,Beaulieu Park,True,17.0
R137,Metro,down,Stepford Central,Morganstown,8,Morganstown,True,25.0
R137,Metro,up,Morganstown,Stepford Central,1,Morganstown,True,0.0
R137,Metro,up,Morganstown,Stepford Central,2,Beaulieu Park,True,8.0
R137,Metro,up,Morganstown,Stepford Central,3,East Berrily,True,10.0
R137,Metro,up,Morganstown,Stepford Central,4,Berrily,True,13.0
R137,Metro,up,Morganstown,Stepford Central,5,St Helens Bridge,True,18.0
R137,Metro,up,Morganstown,Stepford Central,6,Stepford High Street,True,20.0
R137,Metro,up,Morganstown,Stepford Central,7,Stepford East,True,22.0
R137,Metro,up,Morganstown,Stepford Central,8,Stepford Central,True,25.0
